-0.6099162451374429,-2.6341248372177652,0.14725396132253388,-26.663311566441664,10.985047742181175,31.00944725301099,1.8732630499834406,3.1228818768187145,-0.2414488617071039,29.318859471492498,-22.942343613652124,37.85548641584173
-0.7903883029037448,-2.5406886047550024,-0.02915394885841338,-27.230356260198473,10.256004387165131,31.170015642055272,1.883729223601934,3.231184633714352,-0.3187146244300633,27.795387637016212,-23.915186588543214,35.83929894776098
-0.846756754949761,-2.515112938234139,-0.08060928404138956,-27.275396445312445,10.89106286656732,31.514537605419367,1.9614150075334849,3.2293515856211172,-0.2796002624350057,27.673710365379875,-22.66804192278408,35.509663506632904
-0.8912567809974221,-2.499090639158223,-0.10490094036657982,-27.374397138725744,11.198114372129979,32.30184505115508,1.9275083870541523,3.24660726929358,-0.2619076225269654,27.330296449080098,-22.3729508575449,35.231750718620276
-0.915870024623608,-2.4879155376146156,-0.20532261137982888,-26.863290519443872,11.922267805993629,34.04361303605411,1.9247925804768098,3.260089828097503,-0.3163825984328022,27.234035082428516,-23.46677838465322,35.33372782500968
-0.9337767226424489,-2.430767776619168,-0.19533087430028773,-27.59818559306816,12.437026363360243,34.85975287386314,1.9071314503809957,3.2889386751282097,-0.2707350644894261,26.93576003679602,-22.640038491766948,34.790367652360636
-0.9099186702816962,-2.4117742573462335,-0.20159390138725264,-27.745440359527365,13.413371907912481,35.204469942725275,1.8417761692199968,3.2734551633495834,-0.3391398355680292,27.082238440094528,-24.060261957624867,35.3133559547168
-0.8963373656449467,-2.398502898792956,-0.13117915828678361,-28.08412092358385,13.057490564177895,35.265109436310354,1.810975664135466,3.293296560903732,-0.28579183480284875,26.734764869718877,-23.86615301428789,34.770005144264395
-0.778077258085875,-2.3831740690665666,0.05627413004746251,-28.77360683853871,12.486096946096964,35.128866875088264,1.6956909796703346,3.251230590257781,-0.16251555727611336,27.434248829368677,-23.14954271769079,35.46253373488234
-0.7030485091568344,-2.359955592374531,0.1378143822170108,-29.198614357483077,12.19107654793389,34.90573006801224,1.6463192635872366,3.2287014100968445,-0.03521608490209617,28.05721069502195,-22.232731951793816,36.07522985675423
-0.6383440646254135,-2.3608805876128818,0.27804157906600113,-29.692142537815066,10.73782779239011,34.97789800535639,1.6332630405437247,3.2183029854307086,0.046094750628190406,28.15849140714684,-21.812163274256488,36.18082848378498
-0.6563936846356921,-2.373282725835051,0.3390211603982136,-29.382022949627306,7.991664895762552,34.431320250961036,1.5871971322961937,3.236077302550214,0.3068466536735678,27.887288079997646,-17.40050162020212,35.290267880795085
-0.5840626466782677,-2.4729409628327224,0.3676960267646331,-28.690701070717218,5.870213840534188,34.2873362350192,1.5949347846461053,3.3129573053203494,0.3532627215138222,27.274254120178956,-17.206035109779652,35.137508424871605
-0.5597688293337715,-2.484292893431614,0.45044492517892376,-29.007594885618722,4.9232143526560925,34.714033304112604,1.577941814496909,3.319843585517623,0.360211398876585,27.194265400680006,-17.27496251847551,34.992819823873646
-0.6148743035666522,-2.4321239658967535,0.5091915257259851,-30.15401389861247,8.179395901317125,34.77921503509007,1.562425301825559,3.2947515829149534,0.33615636306154223,27.399143212911905,-17.26437090238508,34.969482380258825
-0.6845118902642349,-2.4299998184446716,0.49050874152795987,-29.622639537774713,6.659893730060592,34.17809860982696,1.5710277540392026,3.2921991229014527,0.3415932097926527,27.436961286046788,-17.39820864403003,35.0173354273707
-0.6642489623103405,-2.459649152116909,0.5002375234429215,-29.434908208890917,5.959628004623996,34.321001356195154,1.5626459795613448,3.3051659020534965,0.3554645326464329,27.312319555623155,-17.175383782375526,34.951667908475294
-0.621529361548617,-2.558498671746292,0.5402087761754844,-28.34238002042348,4.914925507971727,33.01360991681847,1.5952075840368796,3.304821058201323,0.3488247492207664,27.283286206214317,-17.175538769089133,35.018439763378055
-0.5603369748056153,-2.5788001495647936,0.6111311741222559,-28.4048138718754,6.436923777434515,31.706695568032366,1.58892233192975,3.30298872484676,0.3613271418309381,27.28746972458144,-17.195174995033426,34.939845541286786
-0.5925911871211826,-2.591338829968117,0.587622764210261,-28.33908267750689,5.592294845636459,31.127009928157854,1.5865769021168696,3.314705260079364,0.35611978436733105,27.34375806060434,-17.270077984533955,35.00030553248704
-0.6238299365160342,-2.5741496109562614,0.5762190468873901,-28.628670121356336,5.838824263507,30.475838618128428,1.5273489632283768,3.3268251077321738,0.3747910803139363,27.543652571634013,-17.925760476332677,35.10281874083007
-0.7177940140646322,-2.649371278225481,0.5597818788132758,-28.457051070537293,6.695859263612274,30.261780613291634,1.5865850560348025,3.2859034228078885,0.3570776755757825,27.402752627328322,-17.24748013404674,34.94662434435144
-0.7307955336878251,-2.6559573232010725,0.5749183431994587,-28.21598662134356,6.8518811557674795,31.828533611548135,1.6041591667680688,3.3177549922791862,0.3589202449792474,27.29634999350802,-17.171652502284253,34.98017482857681
-0.756863092151848,-2.621239044115136,0.5974021488796735,-28.307349661751044,6.594382521570278,32.23246975868976,1.5779040417155166,3.306965874780212,0.35313580322256716,27.24107015691237,-17.152849894276795,34.971057605064075
-0.7389372284300704,-2.587320857056636,0.5619682152114154,-28.763105816741124,7.328463475528828,32.09614548353454,1.6062678878740244,3.2929363904214664,0.34006818384662346,27.351844825908696,-17.2266309868373,34.92721530694543
-0.7218125276302203,-2.579591445754552,0.5673296565612022,-28.843350637739903,7.74174999043629,32.011080436577586,1.6280324058119189,3.2724312387424144,0.3316140630264594,27.4074043676328,-17.269234490224378,34.90286449565741
-0.7558783590599254,-2.6190485209244505,0.5369496844629997,-28.888617552349395,8.648133580799044,31.37671440840102,1.7248483247139919,3.2141993282177315,0.28378548121952474,27.05308880011568,-17.14565874406859,34.51773451097101
-0.8108465068893098,-2.612841768191277,0.5240125665325603,-29.04650308357278,8.25486255754395,31.21138289558052,1.7616767099548174,3.207485744131473,0.26695004403196776,26.939225438664874,-17.164299243004898,33.81790066736332
-0.8178198896165148,-2.6171421672354143,0.5452560523765142,-29.067182722589155,8.298868959080828,30.850775613188482,1.7896678087087752,3.1632035037832935,0.27300393520645794,26.816859108854867,-17.049900037117965,33.91844148776349
-0.8178196506511948,-2.5971589420385532,0.5590420813574022,-28.980226878647727,7.714554256033491,31.33392439303514,1.8102899161104937,3.1846034695781817,0.2717119263901563,26.851026290701185,-17.009690977436577,33.60555708135386
-0.8207788749369809,-2.584930644550106,0.5798949004281834,-28.621293321414477,7.052441554481014,31.674891399399968,1.8267312935898212,3.1953512891208686,0.27015404622790107,26.680342802115224,-17.09218093242928,33.22415893723823
-0.8080113470173158,-2.5840155042376924,0.5777407330234909,-28.7125233605612,7.174358516594925,31.391095299375777,1.801793628294579,3.1948088931828367,0.2610171210410269,26.707457351421564,-17.01496125029638,33.53017806281541
-0.8191711794159051,-2.582137511908437,0.5994017982756386,-28.578537837448238,6.7136540586827635,31.794788401105897,1.8043049468838301,3.1726855881287195,0.22383934239116998,26.36631046352384,-17.10486119267035,33.34311787278514
-0.8107966324400313,-2.585021200637245,0.6192121020420771,-28.3866650762592,6.378154688224981,31.828332511981202,1.806299049380578,3.1972849700369075,0.24823494202686602,26.429766990818884,-17.32805169542117,33.48332001530214
-0.8090996277071456,-2.5914899283884036,0.6269825689753822,-28.343051929464245,6.315881580660465,31.774594310940852,1.8083693078602443,3.1961751702677645,0.24822451167014464,26.43584122378381,-17.316055561861383,33.5222624643203
-0.7963926364622269,-2.597545601621051,0.6452224711147911,-28.21459155883429,6.129403018387059,31.440071709053154,1.7858400460052293,3.173415383040032,0.2394151251002034,26.29995215910948,-17.254901550404995,33.72786130919839
-0.7813873131891778,-2.587287255930179,0.652211153019145,-28.128386560561697,5.780142725257136,31.53320868954593,1.7954591186141518,3.190902228406777,0.23741936553304804,26.22398090014778,-17.246643799914843,33.44543086385502
-0.7789254440973727,-2.5930785842868205,0.6582344235846742,-28.109549036772606,5.75624585197443,31.358207275408553,1.8084089012173612,3.180882971918236,0.22043342272882527,26.119249719417482,-17.38243874985053,33.463742445229734
-0.7814279946500391,-2.5953555446577488,0.6516060939690675,-28.02466162460836,5.7372200110324005,31.405990416212298,1.8091357114659832,3.1957339492320664,0.22071881524330253,26.10830530486843,-17.337021873435457,33.230153496149754
-0.7797077291548842,-2.606179457373649,0.656359713301312,-28.066489931626204,5.8098726289822515,31.022033480151173,1.7907760780268096,3.175657473140117,0.2147408850193696,26.098311584304554,-17.317159090608225,33.50369016657508
-0.7707479495935936,-2.598646500717736,0.6536387538170396,-27.96877748471661,5.71003359570663,31.052467184244414,1.8022783709388102,3.1920288359482147,0.2302109276376037,26.12259912936556,-17.336777911027585,33.347735833636136
-0.7629293188387338,-2.610434085833318,0.6622744662913718,-27.971459224693493,5.6844061857288395,30.834454583410896,1.79249990975894,3.172297592020737,0.2096366301912346,26.14248311678471,-17.31940867928366,33.65017560294906
-0.7677555237487605,-2.611494390536199,0.6628223930631619,-27.973122556972122,5.727087348966759,30.755990180896102,1.779124749476234,3.169686489959858,0.22146603192774872,26.177176619576013,-17.320676490860986,33.75836415204313
-0.7650454949696015,-2.60652261528955,0.6598018878535787,-27.9626874480872,5.568846752890028,30.847735698019605,1.7794704368626724,3.1641482493728095,0.2169206729786422,26.16148221183681,-17.265948430736906,33.620189686089994
-0.7558474167239826,-2.6111853920301242,0.6643198501862306,-27.913107406520684,5.596206193255707,30.693993542518214,1.7836030443706559,3.1590262268620988,0.2373218881213365,26.335745204301283,-17.250472654538235,33.71589830657912
-0.7616111994793062,-2.6140649006587395,0.6601462096709985,-27.840159479961606,5.544095880420247,30.760371071314605,1.7797380514390118,3.168950098644069,0.23216195207171372,26.2496502340959,-17.218432402738816,33.55127614962296
-0.760161841262569,-2.6254844214479247,0.6589211964643064,-27.775990969171943,5.551629165845547,30.716399738678795,1.7901459115053329,3.1603891032062643,0.24229097413852405,26.25962098636178,-17.371674452934307,33.735797798993175
-0.7673453148014859,-2.6380989134921937,0.6578981571583454,-27.820412914752154,5.517142917042564,30.665337906965753,1.783484289932856,3.159019149086773,0.24977484985320833,26.389185351324837,-17.282552308630763,33.774310694194085
-0.756422505848938,-2.638399958289538,0.6616580478723735,-27.76340188184011,5.521192031655428,30.638467265147796,1.7809219621081462,3.1449290504014837,0.2405342471993315,26.633929391917942,-17.153314103554344,33.849391715587295
-0.7671017622099452,-2.6263963264353287,0.6528262673336925,-27.76190204167937,5.5991762522549955,30.695766921247124,1.7861557696685513,3.149258297898352,0.2683149585872202,26.543905726225802,-17.144300986895892,33.6043851853165
-0.7649056543175847,-2.635532792260603,0.6561588304006745,-27.781353434132207,5.618906476902541,30.734962773600188,1.7815679440823187,3.1546047712944594,0.2654182036312971,26.560106644728535,-17.17340119469405,33.683972506835644
-0.7581538157165135,-2.631941905261344,0.6575753204783132,-27.779394503052977,5.5580573855783015,30.706745495230173,1.78389165044443,3.160909564937324,0.2605621500974679,26.544758253269485,-17.25240241218564,33.63579664757412
-0.7671273646299515,-2.636739600417539,0.6514298949016742,-27.85194917415766,5.728315072756734,30.686508029148918,1.7703567226254675,3.1509645155535884,0.2545395388614028,26.4216891326774,-17.23661158419995,33.77374965197271
-0.7602565259895084,-2.6291979203757867,0.6475782630694814,-27.810763847372193,5.675335727212836,30.702238631379615,1.7770993556502148,3.1469282331640414,0.24778980358201103,26.46988101859597,-17.203954927234452,33.68404530543242
-0.7655787309691666,-2.643002126030084,0.6513438805598954,-27.735524776026523,5.666087547245624,30.676366390048052,1.7744227633537197,3.1357936182359287,0.2426579813217367,26.52157155864262,-17.131097909178955,33.829644321037776
-0.750879698994857,-2.639069808915978,0.6599904345232053,-27.714720659492546,5.724727070656623,30.675377659042816,1.7830264749424676,3.13078908550212,0.24307980534027293,26.54518259098275,-17.183298064963058,33.86746733312683
-0.7576486163115361,-2.638904920000181,0.6605835463147757,-27.779774922941346,5.7566624713769965,30.601290783063583,1.7878264709165756,3.127867191765704,0.2531358690027175,26.391864760303076,-17.229054284095994,33.74000211293765
-0.7523086636539071,-2.6408099798570337,0.6527020950089848,-27.704413904439825,5.72233231337162,30.630938578538206,1.7942789798688157,3.131843219995987,0.2363893599577188,26.542546929541462,-17.226620519032323,33.73927453938563
-0.7547762777073959,-2.6484793162483036,0.6552383361759277,-27.724291716060712,5.695110655923841,30.615319368989695,1.789628013799589,3.1192580129012653,0.23821954695888525,26.390924363747104,-17.240210379521283,33.837063374308684
-0.7582688023971693,-2.6465061411005797,0.6609382056694566,-27.757125073539378,5.7101537100108,30.52742507880891,1.785004562620999,3.1246242219748264,0.2305099528170982,26.46322268901526,-17.236323481991974,33.916311021134725
-0.758317599380387,-2.650352689267153,0.6532762088347682,-27.773438304966703,5.552510575291016,30.540139142664643,1.776465113881032,3.124140220387082,0.24045598396552867,26.50308096504352,-17.22586787089587,33.85748082360144
-0.7539383039979457,-2.6464462447864405,0.6504228926103794,-27.669971267721003,5.60129048011664,30.58543732788012,1.7826183552010182,3.1285009931939154,0.24028537024523672,26.511256181555858,-17.33616891682731,34.00499090381539
-0.7547569556539422,-2.644640218744254,0.653009316138177,-27.729817212695604,5.591492600872089,30.58529700365426,1.7869413175670605,3.1209717303932143,0.23287856229130957,26.437167931155265,-17.31360588393798,34.00422820792461
-0.7637843511629354,-2.645585783588684,0.6603989865188293,-27.681766357978173,5.717430203816361,30.62389828544294,1.7670569995079557,3.119639872704834,0.22693673233286293,26.39703720722884,-17.30804536579954,34.07450889152835
-0.7577461113507957,-2.642800736236632,0.6590646030606229,-27.748375891065944,5.471378004449711,30.642353077451624,1.7675450621529507,3.1295381217826583,0.23951102113270115,26.40793652975976,-17.245222089162105,33.93813374537496
-0.7638091613497875,-2.6481617542633975,0.6613252993082942,-27.648374596878377,5.6221508631703205,30.671678256124103,1.7517575386743371,3.120789183832787,0.23357450526819792,26.346828217010437,-17.264786604035688,34.095624987073364
-0.7566911332186104,-2.6367992649036482,0.6511814214489117,-27.63276892311105,5.476720165348386,30.701162224709734,1.7604485734806907,3.12342790765538,0.2289903348444764,26.362716905703063,-17.382389702992068,34.1052059983351
-0.7690523244732477,-2.63720957043834,0.6546694957710288,-27.746467667357393,5.43063669922787,30.586383715043286,1.7671366492437635,3.114332924103417,0.2344319990209572,26.350454707177715,-17.333507618231106,34.054339149702294
-0.7749567197887908,-2.6439789821032362,0.6423893616127788,-27.795916561232943,5.3916291130796985,30.53539230064046,1.7778366546462965,3.118382929579903,0.23035704312305863,26.583538908803124,-17.340439427369308,34.111523827720625
-0.7682835174447251,-2.64289846859125,0.6446965161004622,-27.745530136972246,5.3328475005032345,30.55582719075334,1.7601544608627866,3.1158464871991898,0.23175880849486938,26.494143096037188,-17.323810167000488,34.19155739050935
-0.7765918665507949,-2.6325140638464317,0.6448153249621553,-27.79752428341429,5.2417186549153705,30.592796353454645,1.7675329138639726,3.1318417935247447,0.23529300014753943,26.63174270775449,-17.236745627927537,33.917285349120284
-0.7754821271955707,-2.629285256877083,0.6483935892439845,-27.7283841638203,5.245550250507021,30.627489808044814,1.7762970306290553,3.131817180068973,0.2406203269653022,26.61749541884917,-17.346921011423206,33.91674369779277
-0.770935926885786,-2.6334098126692744,0.6496237892105854,-27.787572117171152,5.221563140124296,30.613321705707094,1.7740771611143793,3.122813300616768,0.2429429516799069,26.547175556524582,-17.32596156337238,33.92588942274552
-0.7747269688888001,-2.6389553649393953,0.6573291332342192,-27.758891448129265,5.497714331781037,30.57127941330051,1.7690048320533798,3.1106610090844735,0.22978964973568977,26.47804903562118,-17.336684670280782,34.14123953971711
-0.7689823959525155,-2.637171562517361,0.6520305551377675,-27.75228757784899,5.507550387056668,30.601578656660717,1.7736657503497213,3.1079713501007182,0.22728408082273086,26.311424753798285,-17.373235589885915,34.04353441087868
-0.7610674372649049,-2.6393858241101187,0.654009653642816,-27.72091077283558,5.464407122135881,30.661136779339735,1.7778771577535124,3.103013505416173,0.2225316717726838,26.335456644981342,-17.36616684793352,34.08171205372091
-0.7636235433964291,-2.6404077144139437,0.6528355183899328,-27.670949392551613,5.60905581221799,30.642427004894543,1.7708960934520026,3.1098288036341417,0.21921544237566631,26.30167002971561,-17.478775310768345,34.24063140575775
-0.7600438705617103,-2.6401813664963107,0.6644804016820963,-27.75501732432261,5.5390194345428565,30.594148389252673,1.7639025343086872,3.1037516332620845,0.21377335685027207,26.31473641747032,-17.45313563403046,34.37771802028914
-0.760798563507096,-2.6305210634875618,0.6606294563071833,-27.73139205585234,5.4364475223444835,30.637255895639974,1.7511549888194562,3.1133886889418054,0.22370418441871412,26.43314359333746,-17.392142295342474,34.27094776087586
-0.7661940508346072,-2.629795920211,0.6631156229907602,-27.756934798790407,5.404977002279654,30.660368476554897,1.755648879142775,3.1158651080465933,0.22164287339740013,26.492423587253718,-17.37822592979542,34.221487461502775
-0.7662332230756124,-2.625798245325204,0.6592800134830922,-27.703684335908626,5.45427120183637,30.675519860946796,1.7557848904708315,3.134004018442945,0.23588381515707482,26.409766980213398,-17.42712359073514,34.23432187146416
-0.7626048506003524,-2.6254939959774957,0.6596807899079361,-27.82816216020081,5.410929049946315,30.612427314787638,1.76056577954344,3.133655805087462,0.23384996244114234,26.37106072324034,-17.4152184558616,34.08690893315404
-0.7634965482466782,-2.6236069230004815,0.6680635281812725,-27.78881664301716,5.4302036350883185,30.685884321112468,1.7649844807352326,3.1386826627740323,0.2245632749825374,26.515288296765547,-17.425096601720405,34.04713676606788
-0.7561987511356536,-2.6306246440727183,0.668556899982094,-27.631091833351753,5.541077692153905,30.756299105523794,1.7605058945805956,3.1283897229848785,0.2367428216206057,26.47741746163239,-17.38249954879657,34.09518111603553
-0.7497788974612369,-2.641038872321496,0.6681863013122511,-27.62815258412523,5.680816330945618,30.763130501339774,1.77112862503487,3.1070142003625416,0.21468202624334412,26.35780970620206,-17.37409436793543,34.141623063028746
-0.7536569699631435,-2.6466648253325125,0.6665734501077327,-27.692936512629878,5.722907554779772,30.6163203383056,1.7531494692045109,3.1048207800806615,0.20591101020562624,26.26747367664878,-17.38815482083499,34.31026869859877
-0.751257807677721,-2.637768763820267,0.6669429589496676,-27.69492914004862,5.71109338573045,30.578175022530395,1.7510785559471174,3.0981042669960552,0.2136114240548698,26.29659453421909,-17.35168417150264,34.26984483380614
-0.7562397582016374,-2.634699780831622,0.6648863625340377,-27.875117986856356,5.641844962971081,30.537504573365954,1.759891908239121,3.1138354057319386,0.21347418819669647,26.25574730074164,-17.403863386957,34.271804558364906
-0.7524319745738022,-2.620101040265851,0.6627314039600533,-27.890906673668074,5.603118262018658,30.514158571764817,1.7510810646350348,3.105910919888804,0.20589960819512904,26.24713667312773,-17.424691142765536,34.27143061998717
-0.7536238960083708,-2.6233221658431316,0.6640925064077221,-27.91832539926692,5.589926773900348,30.494202418763734,1.7577056704192588,3.112371827684288,0.20623584810341802,26.30240003625874,-17.439733208423156,34.25186861009298
-0.7564595753684937,-2.6058457375490525,0.6579746544388134,-27.889750577393364,5.519062458083237,30.522885808400883,1.7714843090464398,3.111881927334183,0.20466051854014297,26.224432773332175,-17.457686315610808,34.015700404027776
-0.7489254979404798,-2.6169898773557296,0.6588351670121159,-27.88457921316405,5.558175569928977,30.533921419015808,1.7778040757032718,3.1056768426516426,0.21262017447748527,26.365592621899978,-17.37359456273608,34.091834716421324
-0.743047749395588,-2.6310752857507014,0.660996462567207,-27.785223067638317,5.694030527827323,30.526051237839745,1.766565806911272,3.1020330148163993,0.21414277097390355,26.25418184080379,-17.42041584198589,34.210728080222786
-0.7477904780337012,-2.639907273772602,0.6634567251048196,-27.798162286956426,5.753256959720403,30.520444369438316,1.7685762756632692,3.1009392932806934,0.21904054551812502,26.25911762346586,-17.44079519927421,34.27909763450781
-0.7463601211466413,-2.6329883342908884,0.6648169317500927,-27.812515210091206,5.6653199148116435,30.525171751353625,1.7665779856665862,3.0994041724002703,0.21429169106327428,26.28009503169296,-17.396136545314864,34.200336266874984
-0.7477975336707448,-2.6333360208185206,0.6595367211371295,-27.70859677596744,5.692567225477287,30.559132860875962,1.7575176949826015,3.096942877869558,0.213803656443637,26.28793689579793,-17.43963264822915,34.30860755062539
-0.748649590328585,-2.634190024491662,0.6671154208114728,-27.77156672573286,5.600419030915015,30.563174982746887,1.751097414630201,3.108294314826152,0.2186159861880113,26.35899186832706,-17.432939434768745,34.28064248417142
-0.7384892813674417,-2.62874335149366,0.6670584842828461,-27.735855102406827,5.514108298856463,30.564672156213586,1.7532320680739026,3.1097678363806383,0.21861323487730108,26.38222247128391,-17.372129143591565,34.30017329136472
-0.7476233636263898,-2.623160456202312,0.6637611402351337,-27.697766503852577,5.535873643447809,30.524362508833676,1.7513714759818102,3.1183918501439574,0.22374514722345942,26.424949266247463,-17.36866165624236,34.202947249106096
-0.748507141381864,-2.6304649144420713,0.6723482080436022,-27.78534681921373,5.507063681992273,30.54812503601495,1.7642846037450397,3.1161623203093183,0.22893654720080062,26.38096756808353,-17.479427213632185,34.28059632656456
-0.7498605491894121,-2.6283669651745276,0.667723593607401,-27.772965576832398,5.549645670942397,30.489779544244637,1.7576804773139718,3.1123485957218975,0.21861527676845713,26.315143996208356,-17.447884288763067,34.28108919875774
-0.7485527647087471,-2.627945335952109,0.6741581337613765,-27.82725718378172,5.525899670126487,30.47053601687565,1.7597714084236982,3.1086246367928636,0.2186387002721296,26.30524854517316,-17.436191298436754,34.30994566397905
-0.7506401558970444,-2.625165813409117,0.6662970712180496,-27.8018811506371,5.624633935940025,30.52442995380556,1.751170231193349,3.1082143648053155,0.216185602263313,26.345438944426036,-17.441555432966446,34.25128813362307
-0.7440421194536113,-2.627903703214732,0.6660857355090039,-27.78098517618018,5.667751422197448,30.53083727561817,1.7685253584598943,3.106059603826158,0.21911564043277074,26.3177716499402,-17.489184785187966,34.29907543633452
-0.7465049576550995,-2.6342176654254184,0.6733169813123132,-27.735696297126996,5.751739871726684,30.56519723218453,1.7595666366648057,3.095941075461068,0.20613553477895896,26.22488851455209,-17.45194542893112,34.34815942890498
-0.7399224707038523,-2.6409257339958843,0.6768576694507029,-27.739937601700056,5.696504467557453,30.570645240920115,1.7639483277702588,3.0984827512927464,0.19910478528123546,26.297196353328875,-17.478135412382084,34.32816291079199
-0.7450771599122654,-2.639074560810607,0.6657687562517112,-27.596322643360473,5.642748912699515,30.544708797766347,1.7662922090373967,3.096987037079148,0.22162473269029692,26.302691990811248,-17.46814083297867,34.30781824930577
-0.7441534204592322,-2.6435501637446417,0.667966298569996,-27.54588579654876,5.629920384823441,30.578775612215026,1.762038355313543,3.1044756701947547,0.22664482165057487,26.391752860980805,-17.45023948763571,34.27901785070456
-0.7385192511882797,-2.6495869557499985,0.6748507251319159,-27.5174766494617,5.627330338824349,30.65284739450756,1.7466508593028567,3.105693895344219,0.21859211191010303,26.411807571611924,-17.381724477641075,34.2998309487195
-0.736553314852042,-2.6533961721226365,0.6746336895712461,-27.462420959042994,5.649302218321109,30.66790288808174,1.75308517596453,3.112379808667141,0.2284890246551862,26.42353535809637,-17.436534730025226,34.36891202833994
-0.7386105345394438,-2.646936993553739,0.6724946483407098,-27.49433770973439,5.632823668866287,30.633479381241912,1.7510789471005774,3.1004778696711965,0.22389955008640738,26.422235661440205,-17.367979098633747,34.278991232187195
-0.745418880854325,-2.650564506613579,0.6713755379598766,-27.525327329290448,5.670817927843103,30.617648003519214,1.7555133007249157,3.103102925971847,0.22408215542922605,26.439828375461964,-17.345531238909057,34.25928819575752
-0.7364555058480198,-2.652179287324527,0.677239315113898,-27.483440580739945,5.6573303522684615,30.658383974625636,1.7575695629139991,3.0967403224931043,0.2143113583976013,26.4272240938792,-17.39091037444657,34.278102640809124
-0.7374680653729215,-2.651532883567362,0.6748730701843504,-27.528727454755746,5.693676593731425,30.638927599037608,1.75753262497153,3.096933095486484,0.21889029298796533,26.344130780177576,-17.374374496667997,34.30812682589567
-0.7452543314949649,-2.6466854973463634,0.6603138438147091,-27.578299974708074,5.637482293146597,30.587895387771034,1.7556134298078845,3.100443160563017,0.22159239157480534,26.38268566653998,-17.354492632522216,34.22004931625434
-0.7463611643151213,-2.648662877226832,0.6665974520824407,-27.59125719084393,5.651227674026229,30.587921152815582,1.759855664319868,3.0981275223679043,0.20671805335896598,26.340011702857975,-17.380045659623274,34.23956802174879
-0.7405162547194455,-2.647077223693576,0.6702535206196661,-27.615737563417262,5.554512693026121,30.602970794368098,1.757685469995505,3.096635745538077,0.21923713197471628,26.38567070560859,-17.399884402283224,34.24884760321169
-0.7454027006110331,-2.649224020225631,0.6639160662219349,-27.53776055015814,5.636074007480882,30.607385624269583,1.7511326519025892,3.090075313117815,0.21912889262847562,26.38683423466126,-17.336246818712347,34.238509072225675
-0.7375817466133636,-2.650127868699245,0.6685761548672122,-27.4917440258385,5.638111454642761,30.643167096075842,1.7662209579704733,3.0970265085990376,0.21199905420177337,26.41488680421117,-17.402166622216654,34.30713889868333
-0.7442558844773535,-2.6512746723911413,0.6714029612335711,-27.550273528184697,5.700550054408607,30.608335081566636,1.7641591703516153,3.0955467864061665,0.21220206962496388,26.463251306984056,-17.34080308246308,34.2575958909901
-0.7396335233289784,-2.643762949759726,0.6729227391826864,-27.546236524441255,5.641751383009311,30.5799202482875,1.7554424066972896,3.085155318079179,0.21423154902434788,26.35681260962016,-17.280751566624165,34.24759199936529
-0.7498521628587862,-2.6516995662123546,0.667682092509763,-27.561163042045088,5.69923249917494,30.611943720382374,1.7619251958481814,3.0865134544600474,0.21207460979743023,26.392454603740536,-17.35243045784781,34.26678052270796
-0.7453881214552522,-2.6492449144383734,0.6712586399262475,-27.502866229961683,5.694624841990288,30.637422311738135,1.7618670667282432,3.0917712149154215,0.20694209783265505,26.38246285656222,-17.39254213443028,34.287328845968815
-0.7408266762752094,-2.6520952741211072,0.6701633289209148,-27.582630482558677,5.639550798383496,30.59859470720139,1.7620065062428563,3.0864481879178904,0.20952915958330948,26.337018806048356,-17.385628896280657,34.23773200031766
-0.7485001966319307,-2.6499283295301894,0.6665571197481408,-27.62054178057302,5.652405159505555,30.597155087125437,1.7662543918329736,3.096931865280308,0.2021688478651678,26.400808801041535,-17.459504967192057,34.27789397892876
-0.7417573852271544,-2.6449338203149204,0.6651396718263218,-27.559843631254324,5.618952148049418,30.617892798828166,1.759728398928471,3.0879254199217914,0.2140295545163182,26.27490886909804,-17.379992678900457,34.287592960642506
-0.745059870625636,-2.649392448715053,0.6663439474601394,-27.608780503596748,5.667245787186273,30.622319265544775,1.7596569177252466,3.090436538286691,0.2067605133922205,26.331330904999163,-17.452867566706416,34.29748983608895
-0.7496346865260053,-2.6479815221759204,0.6668102169010366,-27.630698708721674,5.624038747296176,30.567570179229662,1.764133694704989,3.0879266006279127,0.2069830900411218,26.332152466681826,-17.357447681252705,34.25750316982229
-0.748525648813009,-2.6408270974847365,0.659432316090895,-27.586705024823893,5.546530083034652,30.557493622196375,1.77506285832491,3.0944305526579168,0.20983731040518028,26.344354009312447,-17.488400799236423,34.267421604973464
-0.7465716796037873,-2.6499444886972805,0.6644166702715701,-27.600252454916657,5.523581621884331,30.53792385404368,1.7574772663969793,3.0867282688584594,0.2038056915897384,26.1969657795466,-17.42359328465251,34.2980891689055
-0.7555996526420099,-2.6508502820645035,0.6618632200588391,-27.57977169049279,5.546326128039109,30.560614234940076,1.7663842059376664,3.089221795863494,0.20927546433845626,26.228681651994183,-17.4364012465601,34.2484367893144
-0.7531415309307201,-2.643331739396185,0.668446058677887,-27.59063456410092,5.541018405854128,30.532421493049846,1.7728406714450666,3.0803947756489114,0.1995706447474256,26.173829370271317,-17.45945395085366,34.2570680250541
-0.7543184673179066,-2.6503526551198417,0.6632473861215168,-27.632845953050953,5.555905616260841,30.541481968964632,1.7816902346515677,3.085428873373882,0.2002214608454478,26.26244411876409,-17.512549976487648,34.2172736149876
-0.7533119433995892,-2.6470664147714427,0.6632324681984829,-27.570282400650335,5.573595780688297,30.546936862547838,1.7773360539750596,3.0879423270137067,0.20746207201451844,26.27759709630246,-17.486196313055242,34.227548849816955
-0.7477904834486928,-2.649242706451743,0.6646619461722596,-27.60370641343809,5.543962252752863,30.50383523849804,1.7816002725378752,3.0906290582387013,0.20756161138516607,26.292816433720517,-17.560770481316474,34.266841070581314
-0.7442737002468207,-2.648727197748592,0.6679391745273426,-27.563827454735527,5.556663595111544,30.57296462564198,1.7641202399153435,3.0828271742151356,0.2065926648227989,26.160020461422917,-17.455814366020487,34.26784339675198
-0.7463452541239644,-2.651285221187427,0.6702078974297904,-27.593302840535433,5.649649287173656,30.60738326546395,1.7619237265451682,3.084046527821947,0.20181422021600884,26.251645263233094,-17.40971384363464,34.25774578380979
-0.7485771937240409,-2.653851124177834,0.6691246534847922,-27.645097858289233,5.61155573401879,30.58205026775512,1.7729011283814184,3.0854890642463477,0.2019786260906131,26.16373850761522,-17.50040851529753,34.24802386393449
-0.7564966237379744,-2.651505390401211,0.6605461778277976,-27.639140048966897,5.682755248688148,30.566361005847376,1.7728637575258908,3.0803051090438327,0.18987733708526844,26.215897012978488,-17.467669667420168,34.22741290535558
-0.7530112652623577,-2.6484129338076214,0.6580043482060314,-27.640252837189983,5.642141131051455,30.571594469711105,1.7748545825632753,3.0818451210339015,0.1920828732691069,26.166822662384863,-17.544957397163667,34.30641463542801
-0.7576797186526529,-2.6558708126271187,0.6624562847555737,-27.580347471833484,5.791730907434076,30.644912994748566,1.7639549870147233,3.080435447748619,0.18412174568761502,26.102122304784288,-17.52826363021107,34.28786729816173
-0.752007795853638,-2.6566737036583046,0.6643558547459734,-27.51963518520084,5.774167192644562,30.72383787089626,1.75496184243252,3.0831765346660616,0.18857910655411056,26.15740123236867,-17.48196672081219,34.38663802758266
-0.7497210203723825,-2.652927493116084,0.665758010054999,-27.510986604575294,5.704146726078081,30.709297674691552,1.7573264925042067,3.0765592564033986,0.18881645591732776,26.104759736634975,-17.47220045789555,34.317138940657706
-0.7540916845724683,-2.6567789563460007,0.6695655719790813,-27.57132208797599,5.6942695111628066,30.708245409814932,1.766169488097678,3.0842369655207547,0.19188350256529466,26.209821008100533,-17.492406516929343,34.28739160933567
-0.7542017453411796,-2.6567123819353955,0.6646371785346308,-27.563886340531564,5.643021529767314,30.69300165460838,1.7660447084591646,3.079237310336401,0.19179083894576035,26.191581920670647,-17.46741839442266,34.326095949219265
-0.7620771513458888,-2.6558007010217235,0.6649054872864901,-27.574963715389032,5.66807963549992,30.6722763561441,1.7749434789803669,3.07383566620227,0.19977662898557455,26.145247911895183,-17.59517847762381,34.27586036790908
-0.7610799971674078,-2.6538063767020694,0.6635639890314172,-27.51329268012343,5.632841448298992,30.686884727037196,1.7705530055761307,3.0712584886180485,0.19488821464327943,26.227727607894046,-17.46250765334009,34.26541298479596
-0.7566162633123157,-2.6501224805176706,0.6626872571834319,-27.532527720202538,5.591368402646335,30.62908730770429,1.7816215733228744,3.072551154098497,0.18563097829841702,26.26684093055245,-17.4637421476925,34.19592666060084
-0.7621652079841592,-2.650583669296529,0.6578929050926098,-27.585774769870273,5.623588714240457,30.603701877242734,1.7708110186989978,3.0684879358889203,0.19000959987394697,26.158218664581764,-17.431574031002196,34.16732212652495
-0.7563767712940161,-2.6463189956514515,0.6554078576049237,-27.600398219465617,5.557304479902001,30.599457576944335,1.786221492165188,3.0724033951842022,0.19567928410943228,26.19843326920326,-17.48351631210005,34.13702082087358
-0.7553133306523727,-2.6522644731588025,0.6641106216795587,-27.62303460500182,5.564469611395603,30.59972843236602,1.7793235462795813,3.0739253553316783,0.19041107460782886,26.28759129941969,-17.45797917451921,34.245183252000274
-0.7577421101582997,-2.651976571884365,0.6600491242467148,-27.536428851775412,5.626450913610354,30.64359364266295,1.781357840573302,3.0805302890164565,0.1952547244863935,26.31219183314378,-17.52705658863065,34.31452916470438
-0.7542489315233665,-2.651572134194267,0.6650864053264258,-27.56176454315392,5.59671710118687,30.639305802947476,1.7858535802161613,3.0700907610219983,0.20292122381042135,26.220748980532612,-17.554993489578006,34.27399314407246
-0.7577544728679033,-2.654617006758502,0.6638486815060858,-27.559948924783455,5.638002806822842,30.633940079450756,1.783675132668833,3.071432805509996,0.19788491032811667,26.243776248369954,-17.484479534748022,34.264395527875635
-0.7510602263559263,-2.652279128499039,0.6603399226516777,-27.579443927404157,5.562349761474755,30.585844048962556,1.7704412527184767,3.0661949618344098,0.19727337201528253,26.194797147415294,-17.478511019727613,34.30419007803355
-0.7621651713672986,-2.649403610603751,0.6633909735644348,-27.635946707721175,5.665593893056609,30.53612106203179,1.7837814552601445,3.0739361671747574,0.18794731687017016,26.204971742999078,-17.517586162273464,34.21604479294014
-0.753981684677127,-2.6427325595458093,0.6671395806832973,-27.649713468741698,5.6165675690405035,30.542568806158016,1.7771738142472906,3.0649004207616968,0.1876885956996236,26.162264240909764,-17.45376686380971,34.22531207405583
-0.7552857244615114,-2.6471693392042255,0.6635644664809978,-27.68418092519318,5.6129513569655405,30.502958981558628,1.7768367063852404,3.06262578752267,0.1851162575078667,26.214195705902625,-17.459923696842814,34.332719074835715
-0.7553269511898351,-2.647169983474577,0.6660786855093201,-27.670384394971638,5.6206678421359175,30.503128431235318,1.781254762434342,3.072936049494779,0.19253753026139883,26.208003247098024,-17.559583125617547,34.34369370998375
-0.7622166681306606,-2.6468376785568983,0.6637519365579103,-27.649085887935986,5.66749805731116,30.487572368009022,1.7726176360247767,3.059953578677388,0.18705610663746136,26.031016273190573,-17.500130589492045,34.294618548022164
-0.7553189472600295,-2.643218906457867,0.6610161311816171,-27.631865329758,5.5809465936551295,30.51743543250234,1.7749001676410385,3.0636211427649345,0.19245888102068967,26.138519383446585,-17.497387410257595,34.26469142418727
-0.7618511672408532,-2.645723556369882,0.6649305315662435,-27.712519627270037,5.633988337529496,30.506831201098286,1.7770212881962164,3.064893418344374,0.19530688594844375,26.257539020691464,-17.477399600524386,34.28348915967053
-0.7576017577942289,-2.644370249164571,0.6548519456070112,-27.65991521521447,5.6248350072864,30.497598977241047,1.7684222900923747,3.067274000038436,0.1924906637142384,26.231744239086552,-17.433549222181448,34.23551469547895
-0.7620401852438499,-2.6443200010633,0.6649081941600923,-27.647827118935826,5.634169855666608,30.511813193789255,1.7747689459745364,3.0662220888096474,0.19272869288350666,26.278950998638976,-17.471847960181496,34.30335755348255
-0.756213710343351,-2.6414130605174426,0.6649624479874716,-27.685166674535672,5.551211459596129,30.50255939397414,1.785806137607806,3.0676485468471273,0.18798489374479013,26.19218269243572,-17.530167141621476,34.26420852990217
-0.7597088585948946,-2.645747358883395,0.6563880382287017,-27.740142631939754,5.55825744302231,30.462418820499146,1.772688796504183,3.067528233672272,0.18491679672047073,26.162776721942755,-17.483697323917607,34.265323071135434
-0.7664343461585674,-2.6428516872169565,0.6575179733838609,-27.68168387114428,5.639313251120571,30.501035825922074,1.7792079276981958,3.0740507505681474,0.19751953094655503,26.216240026219314,-17.530903547643177,34.30457636267676
-0.7561761420430151,-2.640073531474397,0.6611605513997376,-27.683333681247376,5.5882932089843536,30.507690500055702,1.7704488263156066,3.0609667195707964,0.19250640815751172,26.20469241671326,-17.470670389356687,34.283782804380174
-0.7653412783096241,-2.6435998608973845,0.660184337025133,-27.70081015966759,5.592131691182626,30.476527962551458,1.7834845781255553,3.0742411981082873,0.1951037018739843,26.216823723527202,-17.5402914343544,34.333806929421065
-0.7643007436015781,-2.648092579241516,0.6586859091306789,-27.698971114121598,5.6411096577383475,30.496364237340654,1.7725760870373373,3.065123087160403,0.1922833354075405,26.188652498287514,-17.409641459507778,34.313802509150534
-0.7552093533903812,-2.64330430925261,0.6659609782296461,-27.639721432047004,5.583549515371429,30.532247775679835,1.768226728687486,3.059789238509226,0.18981926625445703,26.18342005168795,-17.41642602009549,34.293759381806616
-0.7631560695708388,-2.6475114244051725,0.6599700382553932,-27.70232439172266,5.638199299537272,30.491761662965054,1.7725783550569374,3.0700812352536895,0.20224197774745029,26.203709245117345,-17.54841868793545,34.3339596645089
-0.7621143016600351,-2.6468643104920884,0.6574910695242493,-27.684207744914538,5.57523925479517,30.486501626194084,1.774890487041722,3.068736486412873,0.1999119658979785,26.183435716589617,-17.521594837320436,34.2846641667645
-0.7629284092065785,-2.642474554695559,0.6601575301596879,-27.728582535323522,5.541555311901842,30.481429851280033,1.781513757510318,3.072766225793447,0.20994763092171262,26.195829967469344,-17.45514601733736,34.284559631909346
-0.7641131790848892,-2.642980205006421,0.6563262764922237,-27.716997631092816,5.621963090170102,30.486632008454603,1.7749460228262022,3.0557100642983066,0.19542712732587117,26.230093127137597,-17.41646063238865,34.23337999408079
-0.7553562821102444,-2.6445490212954175,0.6648098009285014,-27.63348814589086,5.568187374242978,30.51252003230332,1.7748606534186357,3.0662255949505495,0.19267699207115133,26.252517585274596,-17.42337919844423,34.274061381142666
-0.7619799691091416,-2.6482694475146307,0.6624500309412936,-27.71417128146141,5.57783075928921,30.496360100509627,1.7858342876644686,3.0623135506985615,0.20556823568951843,26.228275729807265,-17.522704481581396,34.272783711145436
-0.7564163239430668,-2.643807278469014,0.6536383093924464,-27.677485377239893,5.565563104357009,30.492395541472053,1.783729662541881,3.060991014312616,0.19575080506599843,26.264091866630654,-17.420075927392464,34.22347154979572
-0.7588111159227173,-2.6423774395166992,0.6562621133953113,-27.63464034141274,5.599913205182812,30.482722277036153,1.7857289860286185,3.075441996676295,0.18809163212595514,26.30959471621556,-17.50463301931226,34.293959200942815
-0.7552771793024418,-2.6432289558552924,0.66342482353485,-27.624707558544674,5.62459149061209,30.532528486994085,1.7728345999064088,3.0595027860421076,0.1903825645082894,26.226583009054924,-17.419791209299813,34.20469113769184
-0.7655135630674041,-2.6447223928501034,0.6537799632441061,-27.664472328805594,5.633476905139823,30.486355402505712,1.7793577054421985,3.0556130298701287,0.19095171772278577,26.300265453586825,-17.43486487136387,34.203161500496954
-0.761034299963641,-2.6475650711256478,0.6576240194343527,-27.702515184616384,5.569042969913102,30.462265099573646,1.781451861728117,3.0648798399985644,0.1932101594603844,26.314830857331977,-17.438719079778735,34.253328844258434
-0.758642094159431,-2.643792899225084,0.6623027831437296,-27.64364396747015,5.556720527118671,30.521452905610186,1.7793019488523631,3.0584003015987027,0.19547496585980192,26.218879050587102,-17.4425660388466,34.243376042417395
-0.7621449518530583,-2.6454977785443843,0.656108836931164,-27.647247285625696,5.607434242016783,30.506313124191838,1.7749868130679873,3.060833880890232,0.19545052145097222,26.262313739315264,-17.416381456100446,34.22406162324266
-0.7584678292525493,-2.6386425261387347,0.6574179636149694,-27.661061812689262,5.554236704690876,30.511776307581417,1.7750690207531021,3.0634073345126827,0.197864620157341,26.25142140725328,-17.384060851593446,34.20481981749233
-0.7552129982737172,-2.6445835345610953,0.6562046302611685,-27.710453025715587,5.542120341371211,30.482698742654648,1.783716212340988,3.0687878748790673,0.18561073694314903,26.228419935906935,-17.501129534079,34.22499186977964
-0.7596125643238882,-2.64579476284705,0.6588076984006019,-27.74739006276542,5.577523109854333,30.47728679441329,1.7879959159008432,3.0611126891762015,0.19084122656520325,26.23567317972716,-17.511131014111726,34.25294976634795
-0.7640692672369642,-2.6443842914927442,0.6603145402565398,-27.768484920055318,5.622220750280311,30.452582183587214,1.7838008289144258,3.06098953390585,0.1880473168687111,26.139104854607666,-17.4940345807052,34.19500083655855
-0.7607780634031838,-2.6386336249621234,0.6617747988585391,-27.725675424618977,5.679829097479306,30.424904268619258,1.7836169999555693,3.0560047134185493,0.17817024375845597,26.16265216299393,-17.476735064582826,34.2335403977327
-0.7540674781420762,-2.640107954375922,0.6614630168439068,-27.70392615293169,5.710184653267211,30.45074827742603,1.78577752158172,3.0469996008963216,0.19786006250270258,26.049415196542974,-17.52328009957509,34.27195499481067
-0.7617367125951748,-2.6431759903055583,0.6651612856943188,-27.75285448441714,5.756864717731148,30.47394702062701,1.7879690372929238,3.061279667129491,0.1832490325722172,26.209338881771085,-17.461819364494623,34.25324607835788
-0.7586721560547813,-2.6411590218914527,0.656515208603832,-27.697292809351982,5.698455638140347,30.44466852198266,1.7923908822851913,3.050826765197291,0.19337365225293787,26.11628073984553,-17.554718579763442,34.24217606810333
-0.7540541405942389,-2.6401463975013604,0.6639073593208709,-27.69061666634032,5.644406516298385,30.46487534268266,1.7857671061274925,3.0572229096442007,0.18592432171647624,26.253194495600432,-17.48969210796463,34.25247635226337
-0.7607849730631338,-2.6436886117824896,0.6562779412176833,-27.719587454471434,5.747326100822631,30.47860821481869,1.7771619866776396,3.0571183192735685,0.19287892589271477,26.197887932536396,-17.388848780234653,34.2238622788276
-0.7550651357520004,-2.643301165708275,0.657322900257108,-27.715845603667777,5.654772601795935,30.503289309470958,1.7837814641213967,3.0505343687433837,0.18837133194592645,26.157805183108813,-17.494593287835343,34.18354286860734
-0.7644033416931855,-2.646837591613056,0.6603318087152882,-27.713544793039077,5.598272287846585,30.44252436244711,1.7837002259959882,3.0532775901188125,0.19323977896920974,26.20206740133105,-17.42854713472329,34.22283992606621
-0.7609473903113622,-2.6423324206657135,0.6562049238251637,-27.648809920345776,5.613235022631173,30.497013245760627,1.7881813057411777,3.0531607443024784,0.19841188009952002,26.174307686451343,-17.48838539606223,34.1931964112862
-0.7597663168109636,-2.6404874412892587,0.6588293441188843,-27.658683459231348,5.626740871200306,30.482928948213214,1.7858965631061847,3.0674999196005333,0.1932558660771629,26.276277925715966,-17.465393848694088,34.23403600793122
-0.7600119781720651,-2.6468712083323,0.6563610259802077,-27.676449387058064,5.63155381714558,30.458168317036304,1.7794083561430158,3.0608656721750065,0.20286653891190262,26.192866744038138,-17.467688223624762,34.22417537135097
-0.7630321676985345,-2.643644197434273,0.6562646305102573,-27.70662804655526,5.614826140318932,30.491623697543552,1.7861063379580984,3.0697907824293615,0.1910670658771429,26.306877280391692,-17.474718672015964,34.155585504496386
-0.7619841323819214,-2.6469489468516363,0.6612596513073694,-27.712880270228013,5.623099326269077,30.487046548350108,1.7859896905419181,3.069896603014309,0.20083390675274573,26.305505823107165,-17.490431529302526,34.21443242441611
-0.7621079612036383,-2.646891835503727,0.658923578306475,-27.71255857361566,5.640816136850328,30.457892712698467,1.7795078350425235,3.0632758808686043,0.19831711596827717,26.307379200975312,-17.410869755629243,34.17463517112446
-0.7551667741097359,-2.6393622220079345,0.6622226650456662,-27.621996929857847,5.645390261117228,30.532878842794865,1.7837230226190381,3.0609566707338414,0.19584403889457339,26.29171196863726,-17.42003367531443,34.22327009355083
-0.7575685849261471,-2.645673494066858,0.6608487421238528,-27.632485482323396,5.69123546437368,30.53732371887407,1.7793716295198154,3.058187878399812,0.19838908760858862,26.33011754593191,-17.410337317279637,34.21304097035317
-0.749803041271536,-2.649224832564145,0.6620823087958809,-27.65264979387653,5.58596632917418,30.51826625438045,1.7815734884474905,3.059566680985361,0.19339080163540484,26.297435510846515,-17.415312288851226,34.20356216125023
-0.7598626723523036,-2.6482202555972925,0.6586056885771643,-27.684329828578885,5.637677786661328,30.49719809763434,1.78159883844639,3.062229876809499,0.20066353634630274,26.28631017098796,-17.366329050794537,34.21374017172269
-0.7572802051690126,-2.6445963201665372,0.66358182625189,-27.718051645757008,5.638729155327134,30.51261862180521,1.7751540160369128,3.0606985421877453,0.19558315639200774,26.263781674899302,-17.36839755286607,34.16507365388258
-0.7617281161718554,-2.643063297735649,0.6559942685749438,-27.70903634866261,5.642988586168011,30.53107884433699,1.788361624691314,3.065819829813119,0.20860185983495522,26.310336522327802,-17.456095459917584,34.15461135191178
-0.7609977052174024,-2.6475005245014165,0.6585590687799179,-27.66595569914141,5.668723634158052,30.507045596912825,1.785949351248119,3.072540289969894,0.19841546575773691,26.363786980985434,-17.44909464508613,34.224244199978685
-0.7551661831505063,-2.643229239954527,0.6632192560492219,-27.62400022909813,5.672182484536673,30.562169365437597,1.7752519294866185,3.0631492293078573,0.20308979571555086,26.279652242146955,-17.36893729740612,34.14556715476481
-0.7583912378575541,-2.646433258030685,0.6631769863201328,-27.679545912233728,5.655737923541109,30.570911649639186,1.777282624518698,3.064570132120015,0.2006668283375424,26.314576646107138,-17.413722780431442,34.194537411999114
-0.7586789154743321,-2.646244419419359,0.6557960273481714,-27.64283457636851,5.670438180082408,30.541568953106726,1.7838586133718985,3.071002906760665,0.20841092660691982,26.36827295826248,-17.47759163732532,34.20437088716814
-0.7529528470641993,-2.649779758939611,0.6592947667191926,-27.670077385435697,5.597286196472034,30.566284539333388,1.786043105900708,3.0672627938109747,0.20836081689733646,26.31768132195089,-17.441970073801958,34.204035552244704
-0.7539759468942746,-2.6517387456617807,0.665367323582539,-27.67512467150628,5.670812186246319,30.59606372322463,1.772983628435137,3.064468107506684,0.19808335060484056,26.31485015150917,-17.371432292671578,34.165370082679054
-0.7540686719359195,-2.646428733875722,0.6567838005844775,-27.642195499113445,5.681886700036472,30.571790796050728,1.7729299922619237,3.056862766378989,0.19059485020530426,26.267945660822363,-17.32246071074235,34.16469732419862
-0.7539033434535898,-2.649220955050141,0.6679752884460114,-27.674457213269044,5.6302066778508735,30.591067266954006,1.7904154780452288,3.0698290209430494,0.19880858164592316,26.376154989898605,-17.476248944439767,34.18417502479731
-0.7589484298705238,-2.6473858376990096,0.6521059544012048,-27.607392392004655,5.696174714320252,30.522131295655864,1.7946921114637555,3.0598391275252688,0.1911362255164702,26.216312834451283,-17.478086637735686,34.20332396986673
-0.7553775889063123,-2.6469551454093754,0.6605116578903593,-27.589641357908597,5.736798873762629,30.577069890534258,1.788200598290222,3.060937954580886,0.19576486821049535,26.166780936900217,-17.520674403978944,34.194405844100096
-0.7565971922725319,-2.654061379793863,0.663058463262508,-27.64053780607478,5.763529889192494,30.557288584735698,1.7815861365142833,3.0544132607605152,0.20058666622335744,26.18106878876303,-17.46487212311439,34.21339004505896
-0.7519516434907345,-2.6491046023764824,0.6593861808239343,-27.651451834692672,5.664125618542208,30.54765837362443,1.779391730128217,3.0557455129926385,0.19312210073843553,26.217881988112914,-17.402404803995353,34.2037269631082
-0.7601325693597656,-2.6545036742478567,0.6606491526962307,-27.616164450697212,5.752805459434645,30.546700354376505,1.7859696576151805,3.062120636374364,0.21817353311688978,26.270107727396105,-17.482829406104305,34.24281487399295
-0.7530891264915374,-2.649715450307405,0.6642875565967437,-27.62744859130305,5.710065986311539,30.56749563681009,1.7772948032742502,3.0619412897430007,0.2008157485458226,26.340489837415145,-17.389443483535658,34.18414559880245
-0.7631171720560292,-2.6500111150122945,0.6570592079370443,-27.687946008513464,5.725925469557481,30.54101310546001,1.7839673049036984,3.0503499274226096,0.1935469385963432,26.186941459841176,-17.43043160935448,34.12428291841396
-0.7595260252846607,-2.648350856261727,0.6597545229149525,-27.754625092039838,5.725825999029336,30.512590965911745,1.7904971993767478,3.064746711474845,0.18891920895186073,26.347116718635096,-17.3625390154984,34.1346319006251
-0.7505711725208011,-2.647334494057674,0.6631649232135662,-27.696448341054072,5.729437635310749,30.548666822058216,1.7903908275067448,3.0621696004617176,0.19622615418760045,26.30077319445745,-17.460222215794147,34.18364048532497
-0.7495642529618758,-2.6467159937306146,0.6645518379226274,-27.67896783473452,5.690655566011925,30.529150017493816,1.7750765943501183,3.0581790922805467,0.19309765633317752,26.261316676836735,-17.3762202212763,34.18441254396107
-0.7509616819469529,-2.647109218445138,0.6569602312771424,-27.617733133309628,5.68680452809347,30.533497755614185,1.7860225419002544,3.0646536016944133,0.20101668083450933,26.31544933167195,-17.46645537582869,34.19395462611209
-0.7609977431634856,-2.6475000801964206,0.6586399131026766,-27.679873857033428,5.717839026130431,30.49286290076548,1.7772838112705955,3.0594401050576967,0.19332880978150457,26.311543186887445,-17.36493291345808,34.17425884141163
-0.7529104879602939,-2.6524476898471154,0.6631779093239164,-27.72171064127253,5.657896781594777,30.542438905333796,1.7751633473997974,3.0579580448575574,0.21311081205817237,26.30158162371962,-17.385171937054054,34.18383919204844
-0.7531149973860107,-2.644518004447034,0.6583539397477016,-27.624292159325314,5.631923798226877,30.52789647873247,1.7795842632612577,3.0656640156891903,0.2181595190455696,26.307468184594605,-17.46864095669152,34.184558004298054
-0.7597981853287084,-2.650832712068336,0.6609398278439246,-27.699845812929112,5.693019131658609,30.51711006263035,1.7837251466392674,3.0712499103042483,0.19841444494276994,26.39732621876196,-17.411217072460204,34.23378624623182
-0.756640844264739,-2.6475833069997456,0.6633044636931003,-27.59483415126276,5.704106598245277,30.537662278348435,1.7683848230693922,3.064597449921007,0.20270582678056395,26.326070195453983,-17.400885200658895,34.253972176965235
-0.754326956092592,-2.6450344995555692,0.6594565674675352,-27.584970706522817,5.7272375132868,30.54804226859278,1.7750589784737945,3.073613470467433,0.21529227579465893,26.35508824429827,-17.42438681768688,34.24462931210464
-0.7518515434438848,-2.6465960748549415,0.661991402773353,-27.65777680028004,5.635653025000867,30.542765083030105,1.7751036344641054,3.073548365066133,0.21059237105172107,26.425729669836198,-17.36738663449238,34.214694923932456
-0.7552803441972968,-2.6522990931232466,0.6607873915623707,-27.70737865133541,5.664726280578133,30.52737908161064,1.7751692390754525,3.0736058650401707,0.20295438014159725,26.343530972650736,-17.367724723849356,34.18591109504299
-0.7541413963572183,-2.647776768624852,0.6595204424565762,-27.665408757246244,5.641944073889821,30.537356123792726,1.7708338048369336,3.0708468649442455,0.20792768088761324,26.36815061846537,-17.34998173047982,34.175747437636936
-0.7556588369115866,-2.653395324350628,0.6620147481035337,-27.62259211562928,5.741937597487913,30.52322267760929,1.77056906251748,3.0607247782241314,0.2053200056616918,26.316027389998958,-17.406170621763625,34.25330668283856
-0.7545292604121765,-2.6501935493635167,0.6645222722845838,-27.588817106819473,5.7671741458185615,30.5288188969665,1.7837907636941817,3.06859146427695,0.20578262382704235,26.339093299942093,-17.436418433571514,34.22390394595849
-0.7500044862740656,-2.655525839925718,0.6616978821734439,-27.61940170476968,5.730303293182413,30.55330382507723,1.7838492715123988,3.0684232525206054,0.20619709225090171,26.45076039689099,-17.387738411201262,34.19360049250261
-0.7566613233834101,-2.655353988938338,0.6668301955917816,-27.634537666521375,5.811605344482041,30.552917136560236,1.7750855515894013,3.063245333246084,0.20559371295221607,26.333901351097754,-17.384249872817396,34.20411330545726
-0.7555642426936022,-2.658601389036911,0.6654314031569352,-27.646537501520534,5.824496214858328,30.56275555176395,1.7748902603201246,3.0660734714317748,0.20551455405621316,26.40545418594648,-17.333769879921217,34.27276977248183
-0.754300654679311,-2.650184039247394,0.6603535214582066,-27.594322573271544,5.802193046010284,30.587424442278586,1.7706157532781395,3.0580946165615708,0.1956109830796356,26.343030791701054,-17.365651357255025,34.21355829055437
-0.748479349817539,-2.6499185931919067,0.6652917834327361,-27.62722986853433,5.672869446625487,30.597286068161722,1.7750586131875918,3.058018410295017,0.21068469195116507,26.34270641028704,-17.392649209944572,34.21306261095517
-0.7597567269514052,-2.652060423529854,0.6630405766349496,-27.663946806970973,5.820398817829174,30.57185123010614,1.7881095121556254,3.0608364042506735,0.2037480579745376,26.374628255319976,-17.44658899414246,34.22227218859917
-0.749617449981832,-2.650517858826035,0.6654319365102701,-27.65201724247835,5.765679216224967,30.57349543457673,1.7749714262204808,3.060652295116858,0.19832311020281274,26.372365545875073,-17.432663748258186,34.22322417967491
-0.7541168826853641,-2.6542282004308966,0.6654215560484891,-27.682419136966757,5.853877107835924,30.573192482758788,1.7746806169662421,3.061163463073161,0.20008542060427326,26.260331548967628,-17.447175615355015,34.341959750230636
-0.7494541424343182,-2.6506388924080326,0.6655539109774318,-27.709361183590367,5.717334388551123,30.558421790967856,1.7792652088050462,3.0662280193440656,0.20032314208483018,26.2668363376151,-17.42552108558502,34.27356347298449
-0.7517979161367023,-2.6467287974792004,0.6721565408954293,-27.673709290457392,5.666762497109952,30.5287912753097,1.772358972772058,3.0677941054270255,0.1898750621748533,26.272180380964805,-17.465284350847174,34.38240808585508
-0.7550049711163576,-2.6446320577924887,0.6634142518673235,-27.70974680720081,5.733776305958379,30.528503108797935,1.770393810110167,3.063752747659485,0.18233704195957587,26.16623085933795,-17.453684671738912,34.294405463862965
-0.760540627887607,-2.6412753654531365,0.664990562830556,-27.72672676999393,5.724787639154259,30.50321672552257,1.7660966803701876,3.0609151168932263,0.19473790150947265,26.176207370639627,-17.460797644205634,34.28424403505916
-0.759557463487857,-2.643155798354836,0.6624041355648966,-27.709255721474165,5.758737947159531,30.503544631720864,1.770472989562494,3.0687599425086507,0.20711716147970397,26.196600536261418,-17.470477018418862,34.31423938564056
-0.757343796558291,-2.6431548989987323,0.6608177648330946,-27.65882538300849,5.739619856666279,30.54761599522137,1.7769798707529942,3.067443781326154,0.19291618138961358,26.300651964933046,-17.509641028767945,34.29341259467191
-0.7562596679603577,-2.6451470825356656,0.6571208849124337,-27.685039623188416,5.636323290714575,30.53204462441014,1.7705675016476294,3.0736615436523245,0.20762642521781402,26.353845575144874,-17.446215756331874,34.27452047694761
-0.7576396720292928,-2.64689836245146,0.6533256890209986,-27.639622763030722,5.6196563333945235,30.531467587736998,1.7748428701263088,3.0736998578119605,0.21053326942125136,26.46495791969936,-17.43929911134274,34.30287469390093
-0.7574505053758318,-2.6483609619230197,0.663226756462589,-27.663247377246982,5.624907460012253,30.556147779937337,1.7748651987834332,3.0634310938978446,0.21027604908598768,26.303674863926176,-17.464651519075268,34.29272983503691
-0.7622647548221897,-2.6557496339989957,0.6568429775783373,-27.652158988525045,5.718142387853982,30.55547378299267,1.7637700588256529,3.0647170000822923,0.20490005095635688,26.351076170769325,-17.438384744100325,34.34250880589407
-0.7529089501136403,-2.64461187492721,0.6607708551574917,-27.65971946228881,5.675398594029767,30.54296140937923,1.772667860323448,3.064689682285561,0.20286105248950428,26.339582621497478,-17.451222324052537,34.28307404062034
-0.7541374301483508,-2.6491357612737616,0.6657392581998247,-27.660294156539912,5.624184691876382,30.547102366368552,1.7703763779953445,3.06081606659153,0.2055325697288724,26.44020807618141,-17.380407203826234,34.31137716804895
-0.7552336497818857,-2.6457925488146614,0.6570647247565344,-27.66068519112834,5.604920511330217,30.536829982300112,1.7705988009621114,3.0579535092144314,0.2105396340609708,26.35444070872275,-17.439291862193258,34.24275454809347
-0.756699321932937,-2.6527589302530536,0.6595868553700198,-27.647388762336057,5.668390472960381,30.517414421151628,1.7814559607315086,3.0672141223718516,0.203454620695551,26.411946440627947,-17.504094382454344,34.262683986277246
-0.7598590520986956,-2.650767832506359,0.6594963511742991,-27.657089782428738,5.651821479944193,30.54594405680517,1.774805873396335,3.0607091642781565,0.20346357974353663,26.48233169929407,-17.415304995403424,34.281328511978145
-0.7563905742374568,-2.649044104903356,0.6644386736873712,-27.64639988198675,5.572983692923438,30.560792782186546,1.7748220255225926,3.0554576143563996,0.21591071624190677,26.463136294455175,-17.424062362144944,34.29037713046954
-0.7610149681581921,-2.6500287599748225,0.6556948584176946,-27.638643354399633,5.610571325733876,30.555012178858455,1.7814075017241902,3.0620363875486727,0.20618284514530352,26.47732574695789,-17.446919790227327,34.271254710333224
-0.7552564782521229,-2.6470854023052737,0.6581605493682451,-27.64064526665078,5.547048697143953,30.56065447686042,1.776989372466546,3.056837736229707,0.22077037302038321,26.429364048946344,-17.445277301587595,34.310254900485624
-0.7654473132521793,-2.6538422532826793,0.6583261571577282,-27.698607811500274,5.633875045426008,30.53959870202734,1.779232581185868,3.0658845079295443,0.20609015213625595,26.501202723041505,-17.43354548146351,34.27178421395534
-0.7552301886201138,-2.648379062014243,0.6629029792366536,-27.61312137515634,5.597457997061136,30.600191328304497,1.772607975382794,3.0594236001685706,0.2057539121380123,26.445939359740947,-17.418503415775522,34.29134622410372
-0.7619607846863765,-2.654627952663695,0.6616229856544887,-27.66685144004432,5.622299141496569,30.603567889157883,1.76820653290108,3.056949443459737,0.1930709078081064,26.40315079691121,-17.35926413483576,34.281918468745445
-0.7555079419030499,-2.6507362475501646,0.6528249824211646,-27.58413661119819,5.640047114422373,30.590337281096232,1.768084653086097,3.062130043737636,0.1955545542726332,26.46109497401655,-17.42357791016621,34.33135499273895
-0.7552708489895759,-2.6560735264992084,0.6575481038095169,-27.644819692489484,5.604681224702546,30.628848227095915,1.7769479425759214,3.0621040452294763,0.2033734986045658,26.44851121458121,-17.45265545788737,34.301276806708216
-0.7552173441539449,-2.652291769248131,0.6615991436329818,-27.651026159912618,5.556696425832975,30.59954960806762,1.7768546342881517,3.062252757965214,0.20078274328938986,26.448658568998376,-17.43567704679878,34.330798766388966
-0.7521150224544342,-2.652879273693312,0.6602046334609067,-27.58282356729442,5.617179688734375,30.605558118751482,1.763732953477506,3.0569496576197257,0.20514064335880144,26.386651623477672,-17.389602182804385,34.34112953535692
-0.7611692867704836,-2.652520040821362,0.6580098068859909,-27.59716906262493,5.690462002045475,30.575177348354117,1.7702253146968876,3.0584158013849017,0.20284090142456462,26.395578956970397,-17.412285202084618,34.36051222753241
-0.7574858951438457,-2.6495880182875453,0.6616918694374426,-27.628050091781088,5.607550588309538,30.59485771928722,1.7746480615845632,3.0634979065748906,0.20817542744645226,26.48352435552733,-17.422352296211223,34.3504290264627
-0.7586975806769756,-2.648857773586354,0.6580822315615303,-27.624085663395885,5.5672977993088,30.574706999929752,1.7770318233418294,3.0672032348909632,0.21075305018217674,26.45273136284726,-17.452934311306183,34.29205774883436
-0.7642125380372891,-2.649386161157163,0.6594953219562337,-27.664305702564285,5.581713445668605,30.56401230646526,1.7637235623210454,3.054296254036937,0.20029616073932488,26.383991031517287,-17.430538785382296,34.331016990606415
-0.7587017060045929,-2.6475377172195023,0.6568110076936183,-27.608876494276206,5.563450974009811,30.57957614394493,1.7702794247661595,3.0763928517886328,0.20762670357387114,26.436663609779327,-17.5177828378293,34.372584776126764
-0.7575859688096442,-2.6470319736857437,0.6633291385588873,-27.62771893742672,5.552535020710042,30.545859172419604,1.7747506992905286,3.0686447941077124,0.19797384729921833,26.376923784466996,-17.504320661830967,34.312775932711055
-0.757658880030823,-2.6495296564045696,0.6557900354404923,-27.649130519867366,5.56610167714223,30.535808830324054,1.7636206286076086,3.052057924324772,0.20222495989348613,26.257455287576832,-17.397369892483642,34.38067860664176
-0.758784738635482,-2.6475278677775043,0.6569973786264407,-27.616155892941897,5.576637954393501,30.55046984281467,1.76142967698688,3.0532182975457296,0.19738101810393455,26.306291773810543,-17.424889934167386,34.370894109253754
-0.7598756264500164,-2.649411945406223,0.6604529364808982,-27.592271147519995,5.642090527444648,30.594712434263727,1.7569396559789652,3.0662388089324333,0.20930118477268086,26.356564931107823,-17.429741439787854,34.45114184513114
-0.761972422130778,-2.6494308487913996,0.6581816484639921,-27.663462970470057,5.624784327285575,30.56477592351607,1.754961032676934,3.0646741601630985,0.20693691750994783,26.335230864882643,-17.426116526710782,34.37265468649845
-0.7629764333537192,-2.6475601522221304,0.6620334121523445,-27.674245930894372,5.570369731400634,30.564317036245946,1.754962417326871,3.0671790778969856,0.19986814068383482,26.463248006262415,-17.376817583248343,34.352539361292614
-0.7597600844235832,-2.6455907297971053,0.6557042116313259,-27.625578022611073,5.555021815888782,30.564726950548305,1.7681238778648547,3.0672943387992606,0.20763401057352504,26.39467369701638,-17.480856947167048,34.352070323177706
-0.760961613745216,-2.64742572851206,0.6544903625300096,-27.63643235705233,5.667927524091738,30.55074628647261,1.7593700363452207,3.0646360206394037,0.19984678820114493,26.363948918755383,-17.45265190544981,34.34277363931484
-0.7567020186009503,-2.646289183115644,0.6574077079614198,-27.629609972915418,5.626043558849606,30.48322026319346,1.7658251836041572,3.0635581730350605,0.205097920793068,26.426653378288158,-17.401763918004026,34.380943972259495
-0.7609911646042629,-2.6502056480220593,0.6613207929171077,-27.72568159314734,5.604390360266311,30.46743197559322,1.776905586878374,3.0570207070422484,0.2154061666704252,26.31764871262195,-17.510092847461834,34.3406288788195
-0.7554684266283713,-2.649620111087751,0.6561089524905722,-27.691330793155746,5.651424276080089,30.478528986742823,1.7636630919485334,3.059707476985952,0.20721380694845923,26.30478838005647,-17.429890174238075,34.38138298367714
-0.7552222604113816,-2.6432179599370036,0.6584799726842502,-27.659226353150274,5.646140997652143,30.51790372583011,1.7681292188184528,3.0569962079849837,0.20760692284691024,26.31715638911011,-17.457044474008732,34.341313808111444
-0.7575021508200752,-2.6457359857184715,0.6537089894339062,-27.717454451313913,5.621378979733036,30.477936901085997,1.770407668483669,3.068509830699102,0.20802176336331824,26.48796976991101,-17.396476184798093,34.312113163768345
-0.7530748152518187,-2.6472697745842173,0.6624728123199983,-27.705653325283983,5.571862399334243,30.47374409966369,1.7725740229347342,3.0619690719537758,0.20590652599945639,26.5171492464549,-17.41811576791003,34.301029296720515
-0.753128417964656,-2.643310249780305,0.661173359691476,-27.646229287669968,5.568038408447128,30.48852098127825,1.7726067656908624,3.061949421688462,0.213399582321015,26.54529442868144,-17.369351168762957,34.300718409635536
-0.7565928434868208,-2.6502783720517886,0.6635437418626602,-27.668146398773388,5.656379369109345,30.498094913104136,1.7681295870335305,3.0567656050539473,0.21820270073665263,26.539119126011265,-17.37539728557575,34.339553821184445
-0.7489388420777114,-2.652340412163012,0.6583255077275612,-27.6355175283602,5.665332470626836,30.499400994720613,1.7790852152714027,3.0581247708737247,0.21866864037113937,26.548335447890892,-17.44142501390634,34.32912316071117
-0.7545105787844237,-2.6541235321851486,0.6596471896071732,-27.662108864018265,5.69151268264083,30.49848845512904,1.7725020314762165,3.06200978713347,0.21097346229060118,26.586419215156205,-17.37682844138249,34.329941828714674
-0.7566420013219002,-2.651514891449137,0.6646011752918958,-27.640063164340603,5.707987289378078,30.522894771331565,1.7725039576376493,3.064668081916904,0.21327462651475626,26.56098286450738,-17.36852091486363,34.340294735865996
-0.7556234091982863,-2.652168712297629,0.663468790775782,-27.643871243583142,5.710179077268833,30.498695434677426,1.7682214753261307,3.054223715052564,0.21316371445849913,26.48331046086684,-17.31886925450814,34.30033927276749
-0.7567381364742825,-2.6514285511859503,0.6572339232300303,-27.653139503578302,5.710327829757716,30.493411410834337,1.7813840674015198,3.0567113349034165,0.2165250963192376,26.583302123932466,-17.414516658887504,34.27942475052304
-0.7499794529242574,-2.649055941635173,0.6595077650054848,-27.60840516195865,5.724411823721738,30.519428538436955,1.7704182951962142,3.055415955188472,0.21090111845495946,26.50453458633774,-17.38924914681078,34.29043322004228
-0.7522847841484475,-2.651520245699342,0.6593705422532523,-27.595670998412935,5.737467275532319,30.53846337593946,1.7681204489540856,3.0542447602207994,0.2106939294077512,26.49590970312054,-17.375426903758445,34.32977143562558
-0.748747349495432,-2.649795722713712,0.661787675890858,-27.605559874993464,5.687368448269696,30.553461523209652,1.7726145923657137,3.056853738181161,0.20596832991997494,26.51464086730963,-17.320603553824483,34.28064129520073
