-0.6811253339090091,-2.5819688209556317,0.8042819803633556,-26.69537154954719,4.402899165416203,30.189917937633474,1.6996445335332022,3.177096787642659,0.4236283566577458,27.85775308163477,-17.063120355863106,34.26108690046629
-0.6800053987145904,-2.580067931949541,0.8055519951943697,-26.67661739281428,4.400000225561648,30.190269232781862,1.699493073071213,3.1798990555163273,0.4162127409724554,27.944230302420426,-16.98831150218592,34.300250798479595
-0.6857152732067021,-2.583001846168076,0.8017291534775954,-26.67416765464042,4.471327195083576,30.199259481156986,1.6952112580402872,3.174565055310295,0.42341801494372666,27.855328582175286,-17.011989901269672,34.28067827754527
-0.686822918759979,-2.5849775024168355,0.8031789214049877,-26.722207508907253,4.458504053433991,30.169624340471774,1.6996305008514339,3.1797452902863066,0.4235012687269283,27.8461026620163,-17.062859465202163,34.27137434229235
-0.6867381379118701,-2.5837136488924073,0.8031702889096004,-26.728490123969415,4.458402069615677,30.174559460116985,1.6930460182099343,3.173297831874297,0.4158722366358222,27.834289222811453,-16.974408165551637,34.261235038658846
-0.6787761655283758,-2.5820882177883426,0.8029902421469142,-26.72333922180629,4.397211587801247,30.190231394267883,1.7018033865203503,3.1784622262548483,0.42860307997623215,27.86586371230018,-17.059752853469448,34.280658842328705
-0.6868283370531124,-2.5810564404677674,0.8055589818514258,-26.656140210982027,4.465671057830744,30.19925075501631,1.6996650252972938,3.177028024854907,0.4286494962466182,27.871158651942277,-17.071482769007687,34.26091929138715
-0.686304184295443,-2.585035387300053,0.800965274530296,-26.7132656902959,4.473754707944753,30.31581202449328,1.672385707893415,3.201531799334821,0.4138423018294435,27.983072748791205,-16.87210945362822,34.64871177409022
-0.6811500607045725,-2.58450496662593,0.800422389386253,-26.710139873258584,4.427456818702632,30.19471712805171,1.6930046730023287,3.178526149996268,0.41580452884553254,27.866228589626093,-16.973801878743593,34.28140700978492
-0.6868745627569561,-2.5875155227954534,0.8041641412231403,-26.69511094742257,4.4731747797131725,30.203765564530773,1.695292838752516,3.184812688654106,0.4234648031972951,27.91976980747715,-17.011831550061046,34.26204153773787
-0.6824107568288887,-2.5811164251459084,0.7967680691921818,-26.661540222924135,4.435871926434662,30.184905559024024,1.7015806979337742,3.183908171357659,0.41125413419587564,27.96821413602121,-17.016911903830408,34.33004977544929
-0.6832462770508323,-2.5845350079328404,0.8029931686707723,-26.746459237223284,4.412396603440724,30.19422581724786,1.697426787986414,3.17838614781915,0.42852138777188886,27.89304747215749,-17.03334430348545,34.28074877954113
-0.6810769523996132,-2.581968791899366,0.802933056984906,-26.695133903553966,4.38638097333177,30.20433477992557,1.6974294546489976,3.1810431988810297,0.41612993715647634,27.910535965125355,-17.00034989097854,34.261509804551736
-0.6833732959583739,-2.5830915500169147,0.7942519105024788,-26.722785295952832,4.42260960562541,30.184338249532484,1.6952596942318645,3.177138584512231,0.42099744201877193,27.886270885769974,-16.971222378174033,34.26120116874046
-0.6834919652965974,-2.5804909246923016,0.8018581511157945,-26.66550419348391,4.4705180619374385,30.180346560312813,1.6952493817308698,3.177031820917993,0.4358328597094294,27.870060701824904,-17.044905138278338,34.29059888262287
-0.6869285233224267,-2.5796795660208196,0.8018598709205661,-26.63347343519354,4.46688109772995,30.18946763154122,1.686441728125274,3.182209844697731,0.41579477916886987,27.958266758860947,-16.958474704663523,34.28172791105412
-0.6901018472790852,-2.584230965412035,0.8019262702097905,-26.73245748903357,4.463028360500144,30.178745103242463,1.6908933712356518,3.1743795743598806,0.4184558540066238,27.868482574508917,-17.026784175800195,34.251452770369376
-0.6835331539399625,-2.580492013174815,0.8042915267826719,-26.6377895055626,4.42911915077658,30.194698705610055,1.6995472642074296,3.177152262068543,0.4237455553932893,27.926974814940934,-17.037968549529847,34.29006995712322
-0.6902986721372926,-2.5867399951750567,0.8019380512043668,-26.71268965754578,4.475421944546779,30.168987404215684,1.690800328223579,3.1719449000501534,0.4282069802632134,27.852046879996262,-16.99376204930858,34.30020641749761
-0.6833938467672582,-2.579265514211293,0.804293862273852,-26.65847732338661,4.404637934070635,30.19940874476889,1.6885756773438378,3.175783303861152,0.4208513637428209,27.931544423549354,-16.979987457962086,34.30043515286989
-0.6823349286971102,-2.577269335031876,0.7993427229405237,-26.64533739889864,4.456055811273071,30.18539754986155,1.6952023179464053,3.17967915535486,0.41617848555778697,27.943169761944873,-17.011510442465475,34.271059138422075
-0.6832920596372786,-2.583263502006377,0.8092728272611255,-26.71125810126112,4.419452918030812,30.19948139549677,1.6995199393431757,3.1824480235264176,0.4087987648221256,27.946598819635092,-17.012759881903705,34.281052958195524
-0.684516799522109,-2.5863417242973417,0.799284298712125,-26.743350584242783,4.444731641167441,30.179447335097997,1.6908791577141349,3.17957347327477,0.42331605175989295,27.886207408609796,-17.03458255491171,34.27165858867163
-0.681077382929357,-2.582016698082842,0.8079697202197857,-26.68893846754881,4.389567627437968,30.204551764413967,1.701759921971222,3.186293591741065,0.4162153230509975,27.928648902256434,-17.05065009089921,34.28149475416996
-0.6823015933693367,-2.581249734023121,0.8067495795888548,-26.66320088737578,4.4416615004312465,30.19993488612738,1.6952393956398224,3.1719460050569244,0.4259951874773411,27.867455843491033,-16.97966396683333,34.2703519296016
-0.6879547749321668,-2.579043513954186,0.8019242575946861,-26.658038044635497,4.473961346262311,30.184466567843383,1.6994506497139974,3.185034049682873,0.41617276953536275,27.961001453330248,-17.06128353126942,34.3205344291403
-0.6799730747131174,-2.5813403752261377,0.8016947419921615,-26.690886086226076,4.388000447319339,30.19968467134051,1.6995264107638117,3.1823118174187295,0.42869898719850213,27.972319752217683,-17.04572467580918,34.310074319231404
-0.6811159261960384,-2.580677349202379,0.8055277165916519,-26.680560874280353,4.406712125159771,30.194947156772155,1.6973311794065298,3.1836833043710984,0.41859786890138767,27.953415904513427,-17.015928684914144,34.3008530563764
-0.6867999280394708,-2.5875709394253708,0.8030152974112215,-26.730752928661687,4.445407636861612,30.188841651779363,1.6930381915347406,3.1783935156152916,0.42330348938138096,27.864942785588838,-17.023155782750173,34.28131215401462
-0.681049455792083,-2.5819780549736566,0.8029303138445556,-26.702126326905468,4.398513888999119,30.20443794555281,1.6995628490312802,3.184968792856313,0.4211422080604699,27.94797360937101,-17.021177181943976,34.29107064766059
-0.6867990425058568,-2.583648324911622,0.8018076566578591,-26.699652250448537,4.466319811123221,30.189210757528798,1.6995135648352815,3.1798302927287168,0.4212338805579281,27.95763587278651,-16.996673915207783,34.30008318940008
-0.6903336809841856,-2.584062820937727,0.7992928217928612,-26.66073020550539,4.479447577925357,30.193452339963617,1.6994222911976133,3.1774139492314353,0.4136340068736779,27.91414520147497,-16.99617642268184,34.31979114449247
-0.6789651835290279,-2.580684662465895,0.802967905323942,-26.658646713094043,4.397393107714491,30.195213387079736,1.7017489423083803,3.181076460948119,0.4237345545802182,27.92366803155059,-17.051002791412742,34.290509524482935
-0.6890386913488971,-2.5835848088032316,0.8031048766069098,-26.700074627727936,4.471893987294872,30.188878551690912,1.6886625989144999,3.1757328061222236,0.4208710641701208,27.918468339368395,-16.95601663243537,34.27104189614662
-0.687841744076698,-2.584333095575474,0.8043195332442425,-26.7186096064271,4.431989730802446,30.19360797021131,1.699459968633934,3.185009498355534,0.41869425560887696,27.97483562500342,-17.053194643022596,34.32039843865117
-0.6789493594644381,-2.5794216043401854,0.8054844622951494,-26.644350551734497,4.3685521617838,30.19999908492887,1.6886439610746142,3.175781908776935,0.4158280920196759,27.890799996003306,-16.97219440893998,34.271313877125074
-0.6856660292691772,-2.5856507288661885,0.8017656090582861,-26.718592701619954,4.446981827712932,30.189136037445266,1.6929400971260207,3.178488224818477,0.4207841354360734,27.878447471175406,-17.030675306998738,34.310737029343656
-0.6834101013616476,-2.580576478520521,0.8068139685457799,-26.666578048716204,4.436665534132766,30.194840031408695,1.6952112580402872,3.174565055310295,0.42341801494372666,27.855328582175286,-17.011989901269672,34.28067827754527
-0.6832480749902139,-2.5819523865633482,0.8067417507097897,-26.70993962121549,4.423880765722576,30.204368980361203,1.699487534235491,3.1825622416158685,0.4159705864144561,27.89069700677333,-17.01263305387971,34.31084406849142
-0.6902933778689161,-2.5879843469585455,0.7980670868739492,-26.719545571544145,4.49993431477467,30.17873108892132,1.695274394084689,3.1796004490611334,0.4284407161047101,27.886691992132167,-17.044813328403627,34.27129667043986
-0.678816973628886,-2.578185075956434,0.8043132748462452,-26.678862368537985,4.3771951836534235,30.190338538001313,1.7017169160205339,3.1862802277667277,0.42618833286654834,27.969441570203827,-17.04230761634412,34.31054550521233
-0.6855899296027472,-2.5817946687608315,0.8042511921511863,-26.6882615427839,4.442372847720996,30.204026429740345,1.6994609745476197,3.1824248672930153,0.4163435226224616,28.001177418935395,-17.012464042693285,34.310038243469236
-0.6857024785876195,-2.583058229210271,0.8043516384447595,-26.689114839269926,4.455134780758076,30.18458974294622,1.6973874775427036,3.1810494095407837,0.42344456173305434,27.881348812273878,-17.04921893656342,34.29110674610541
-0.6823061736918119,-2.5838043859806765,0.8016493332857629,-26.685287832787452,4.413715846793567,30.204217939934964,1.6994514747878278,3.184994814907743,0.41880932223567247,28.016718501083112,-17.028612200600705,34.32009261049625
-0.6856067255323735,-2.58309493950818,0.8018483872656099,-26.717316573114687,4.42303906231103,30.184195212746268,1.695166132748354,3.177154738672155,0.4210709756343586,27.9269670730571,-16.995150950957388,34.29039296919487
-0.6811741704131855,-2.585843558339668,0.8018018812752639,-26.73290530971606,4.3953185290242125,30.174915005103145,1.7017029919426414,3.183705379093082,0.41875096258664557,27.939589474712687,-17.06683517171526,34.30066603480734
-0.6890325465211072,-2.5836221924255653,0.8044647679919696,-26.714717476491444,4.464032946491473,30.174236628908172,1.6951359603847593,3.1823388453498076,0.423502921355811,27.958477838623768,-17.01099596548301,34.3105333217926
-0.6891507472424984,-2.580974105133247,0.8069535018707392,-26.64971365309617,4.45963935185975,30.184210650796686,1.6951289416369033,3.1772149530403286,0.4283141987201187,27.88442259011219,-17.019522059772868,34.320086995146106
-0.6824639276377,-2.5798537182164054,0.8018906591245623,-26.640583441989985,4.427407415488707,30.175359139441575,1.6995326766675583,3.1901528995499753,0.423574153781715,27.979484375035483,-17.03702219646774,34.31121100032009
-0.6835631750183724,-2.5817838070632635,0.8043029001464403,-26.645701915291173,4.429164433857296,30.18975421131497,1.6952406947124548,3.182278479721616,0.4259290412488651,27.91735304994259,-17.00351869401365,34.281309902717254
-0.6857633831797374,-2.58299290522892,0.8029890062098395,-26.660276965733047,4.463052522305813,30.199241040373924,1.699625980267854,3.177107899355447,0.4359145519170573,27.842876941961244,-17.071313688270145,34.29050894539707
-0.6821609187867276,-2.5826537626163324,0.8080399962718585,-26.714212885320293,4.4088827755862585,30.194718746647453,1.6951408549865046,3.1771694977461755,0.41612123753576946,27.926918832714275,-17.011286474665695,34.29046349391791
-0.684538717741365,-2.5798851609459823,0.8080381693147369,-26.648718431538896,4.435057477855259,30.204444008933184,1.7060574379759175,3.178608538188988,0.4238522328055234,27.907853445503697,-17.077145120925728,34.309622486552676
-0.6854629851435052,-2.583208604698902,0.8080530848981,-26.732469432973986,4.429443524220469,30.19908290557586,1.6865016025689805,3.1821557752222303,0.42821574145635594,27.97219741127701,-16.918114768945884,34.28145087111825
-0.6869214429955832,-2.5796506592568726,0.7980858012786908,-26.639973207138997,4.455363070002555,30.189222831639515,1.7060367653720354,3.181222697259977,0.42381837891024904,27.923823128972124,-17.076841977520544,34.31970847215431
-0.6868943769182105,-2.579707828514413,0.8031197213720821,-26.640770194379293,4.470682639789563,30.1895429817553,1.695232200866287,3.182263796273787,0.4260441078662855,27.95923592607551,-16.978936251622827,34.28100407456209
-0.6854508439872669,-2.5844334639299755,0.8004162780568875,-26.746035296758627,4.4181153347477595,30.20836608451291,1.6995768817131904,3.182320290204588,0.42126929600789087,27.959624028961336,-17.021438072552254,34.280783205803274
-0.6891342473197004,-2.5835096065318113,0.8005796917017101,-26.67827850792368,4.476480519551435,30.18884039151897,1.699589715303345,3.1875177608627916,0.41372823191377417,27.950342126618047,-17.04562556165099,34.27187280740339
-0.6879978240783617,-2.5802883390062803,0.799321373125551,-26.65121344779982,4.465876511688032,30.19397610586693,1.6974156151422615,3.178430359279536,0.4260217342565269,27.893476073503827,-17.016893002127468,34.28078039813127
-0.6857497393892671,-2.5790975959896314,0.7993836414720288,-26.650739264308726,4.415940564005975,30.184292011707875,1.7062755984177447,3.186137435383812,0.4288586483704278,27.91477159735529,-17.086263942699816,34.25164472353505
-0.6834802665580699,-2.577907810184121,0.8031034842458074,-26.63599886317352,4.437830290984945,30.190001402243077,1.6844035806525868,3.1780778867356636,0.4306805985165391,27.919211189894746,-16.971181571725047,34.25189954421141
-0.6799458115509465,-2.581359052510327,0.8017002259988179,-26.69808868760198,4.375810830908167,30.199572131084185,1.6930640289654737,3.180922908981512,0.4185478984670915,27.93729112357908,-16.990392642324817,34.261568123202
-0.6891315638427387,-2.582169613382553,0.7956234689046333,-26.683697445749246,4.485908531428718,30.179066334197696,1.6952187353686126,3.171844218140219,0.44096750435751264,27.907391308781897,-17.00422409486538,34.29933944344059
-0.6824483632139253,-2.5824555100012856,0.8006508099825453,-26.677291373643904,4.44790557005528,30.16559175728238,1.6972990808829225,3.186209116151703,0.4187286505547494,28.01036302103293,-17.040081225476925,34.310640501381584
-0.6823539031182221,-2.5798912147248387,0.8017988430526756,-26.654634978541964,4.426823681127992,30.189954497551263,1.6819240120277448,3.1720347701804994,0.41791021477032525,27.879322013009784,-16.923693011689167,34.330211851363956
-0.6891173273691933,-2.584886045950035,0.8044734004907852,-26.708434861430984,4.464134930320213,30.16930150926317,1.69528389384434,3.177030501458593,0.42597491648110614,27.871150910059544,-17.028665170427438,34.26124230345929
-0.6777423285960249,-2.5826769788920636,0.7990544880211149,-26.69093587136266,4.378142978553337,30.209601765502246,1.6929682347255786,3.175869174557229,0.42336130795954596,27.890574732405355,-16.998349372562778,34.30041068136953
-0.6858893180912745,-2.5803330649492575,0.7994703766295127,-26.644179781338213,4.465214645455439,30.1651835710848,1.6950548307347326,3.1798587157499854,0.4210610864556882,27.984538386850396,-16.969738253937493,34.32966346775045
-0.6834007680969842,-2.5792554847913056,0.80312033932912,-26.672301322419344,4.437762172538018,30.18503815868199,1.6974072298999168,3.173192324530426,0.41882651853744657,27.917157273827378,-17.017099005724834,34.26030765780689
-0.6890634300403097,-2.582265074558124,0.8030907623816794,-26.677967193256606,4.47190540497286,30.19383242060844,1.6929296771198268,3.1758152464698024,0.41859803797150047,27.945766698144567,-17.014400390656558,34.30007829358137
-0.6912787707217907,-2.58356919888043,0.8094387597972575,-26.694301568989502,4.4806548176089604,30.188763330357574,1.6951111288707585,3.1772248209199656,0.42590777925377865,27.912471294535028,-17.00302850562833,34.31991715748048
-0.6811904382715248,-2.580553918612393,0.7967087588632396,-26.67185845604981,4.404253760480632,30.19460728726829,1.686500777495174,3.182195009997498,0.42557918875517053,27.916480363414678,-16.950786099616415,34.281892689763104
-0.6869292617404226,-2.5797073644391975,0.801965395838884,-26.648022126211515,4.443028898460765,30.17463781828861,1.6973566380082108,3.181123149013739,0.41856032131290904,27.924088891023324,-16.991733891545383,34.29086415513118
-0.683399203602936,-2.5818475203706184,0.7993799844287766,-26.709031116467976,4.401955478201513,30.174679289684978,1.693013738846586,3.1783690399142923,0.42099030395693804,27.9206115930142,-17.00661997584161,34.28094086009387
-0.683320493124854,-2.5805758051919323,0.8029508259750949,-26.680136933823746,4.412430856413587,30.209087424020037,1.7039739720081317,3.182327605850854,0.4263721277912884,27.945845839455533,-17.056209035627496,34.280525659524905
-0.6845089182179317,-2.5824586611890883,0.8041895463279828,-26.677891958108816,4.435235898364745,30.209018118831647,1.703989569170534,3.187428190674536,0.4387749512268462,27.990810415779087,-17.064280939535408,34.30042787835055
-0.6878167719398057,-2.5856434156090127,0.804325420334437,-26.740506862868383,4.456300845222937,30.18886980718493,1.6929067717627473,3.1733595169432687,0.4233040599372965,27.874323803140488,-16.998125404745622,34.31981503690614
-0.6832343448670435,-2.5819424792185854,0.8042302746672026,-26.716743728892954,4.4040313644105025,30.204096365046876,1.6930583092900329,3.186131491360164,0.42329302961298687,27.91313308172038,-17.022773463759002,34.282079769720475
-0.6880023799341625,-2.5790161888057135,0.8030868125443319,-26.629808842793494,4.465216340717503,30.199062234443886,1.6864622198893604,3.1821410819100335,0.42081591875774993,27.971672329207113,-16.96683711774126,34.28156030197469
-0.6835015683670641,-2.5817922548676675,0.8005397985081264,-26.66660689003219,4.393267173294108,30.189284330900108,1.6843028072335537,3.1782314908465588,0.4255465244483327,27.891261600730203,-16.986832236932415,34.2816618662418
-0.6889220170435492,-2.5836413047368794,0.8042756541356968,-26.714430500185983,4.462978879452985,30.20344609441206,1.6886115731072868,3.186076468150064,0.4282564416967861,27.995324042211827,-16.979617773240328,34.311186610852545
-0.687955660467668,-2.5829661284720293,0.8031318983467286,-26.68913872288351,4.453049172007599,30.184097462042587,1.701700957178613,3.186270435513364,0.42376008084176425,27.98322750157067,-17.050354251805,34.31048003944597
-0.685907395097118,-2.582888210032892,0.7968733792567894,-26.659252440871732,4.481440925134108,30.169954946065495,1.6931099793311624,3.178293990844518,0.42353149046397703,27.92136968048461,-16.97456026201041,34.251411612908285
-0.6822794155095591,-2.583841447467233,0.8017521150787432,-26.70682894705981,4.401996563216123,30.189491292285577,1.7016804654145266,3.186339198301061,0.4187389412528842,27.9698219312245,-17.04199183872726,34.31064764852539
-0.6810678162230107,-2.5806862901415406,0.8042678638627592,-26.694451563181055,4.414986797997072,30.194965597555875,1.6995813060313891,3.187465086488764,0.4311724659181366,28.005017206650145,-17.01305867506761,34.300717043219066
-0.6834043884445556,-2.5779170441963255,0.8017518177223326,-26.64275364052395,4.433445014575568,30.204521410160336,1.6995870486438012,3.1848607098024946,0.4261196825330417,27.932853633658826,-17.078619974264758,34.29111178237929
-0.6892168615431922,-2.579595971207628,0.7995748759394864,-26.654877585518093,4.461934612414332,30.159671785716455,1.7039303218266806,3.179808080362439,0.4287212992360989,27.901546205801957,-17.07247862204651,34.300099852687175
-0.6868439640328179,-2.582281006618402,0.7980139887969371,-26.67684198647435,4.46700281745866,30.194032366801228,1.7038801451167407,3.1849271472358343,0.41410377973869783,28.00312507659296,-17.096181322261476,34.29048577255091
-0.6866695735759278,-2.5837612038867026,0.8056009191673763,-26.7289553075249,4.441212288914413,30.18910856203202,1.6995450362651865,3.184978660735842,0.41873578860407945,27.97602231377494,-17.004683627833998,34.290900809994966
-0.6879574584073663,-2.5803835071025425,0.806880480405059,-26.652619106769734,4.464533334348725,30.194240625157228,1.6996933485388073,3.1847598655513765,0.4164897404162453,27.99037073660434,-17.013784485622118,34.23185466213032
-0.6822589992285077,-2.583879617305657,0.8055234415795873,-26.70732159856138,4.425647506591923,30.189839257814274,1.6951421492450613,3.174605685167538,0.425804733990504,27.840355961993673,-17.052454281040724,34.3102413719478
-0.6879806207193426,-2.585511688350093,0.7992805345085554,-26.704117224636164,4.453284293323243,30.188680946583887,1.6909304537495848,3.179542711290037,0.4185229132499937,27.929228733131367,-16.977624621057892,34.24192565665874
-0.689155218531468,-2.579633496775549,0.8008319832539478,-26.66916676804605,4.477869070102059,30.159850301557555,1.6994627198676628,3.187628558493428,0.42363197238048655,28.00511632192,-17.012215786303905,34.33030952766125
-0.6844503529044185,-2.579930670242809,0.8043778494773575,-26.691164520549943,4.38744093363476,30.189247480870502,1.6930891258875922,3.1834535461867626,0.428484922265881,27.96671461771306,-16.98231638826821,34.271415974985636
-0.6869636796722611,-2.5796880719445583,0.800794616035784,-26.654853701878817,4.464020221198711,30.16016406661175,1.695177486432224,3.1745651309365406,0.4185833434525986,27.897163217945632,-17.00354298261943,34.28044297411343
-0.6869093004633131,-2.583620242607349,0.8019076998599695,-26.685810891907913,4.442581013391736,30.174399693533797,1.688587928337415,3.1758324163802496,0.4233232809081057,27.94628403833126,-16.92286044331452,34.30029187483714
-0.6902906318344245,-2.5828179958835396,0.8018957062584411,-26.667554802307,4.487532412466518,30.183942801924417,1.7016030436220029,3.183819748437189,0.41625344120953756,27.96735693333146,-17.04981450643409,34.32998653826922
-0.6877592661387991,-2.5805050048816476,0.8081567805873532,-26.702711118337994,4.443842242067872,30.19407214559955,1.6994872811598118,3.1824296828612315,0.4186348754523474,27.931245838488262,-17.05354003922455,34.310513909289504
-0.6857778517229446,-2.58303061098699,0.8056060071817848,-26.668021548942434,4.459049724360761,30.18468384241966,1.690843604417687,3.182271164068272,0.4208262094621963,27.931131239420402,-16.96874773095034,34.28156744905018
-0.6902883788855737,-2.581525908918654,0.8019761466873234,-26.666778304102777,4.500147078510559,30.174385729099722,1.7038628508464353,3.182486186652886,0.4213749529095618,27.974041899461657,-17.022737069040325,34.309877781547485
-0.688069810303902,-2.581608575580675,0.8019524905998388,-26.65987801740803,4.449786081161681,30.17437124800621,1.6931665476926558,3.185972996043501,0.43097042231581933,27.969179615524745,-16.974493720616508,34.25207708529742
-0.6811517479072922,-2.5779984513860477,0.7980486466609433,-26.66368406199517,4.384169237942431,30.189751187448998,1.6952224308844397,3.1745208438499093,0.4259176684590886,27.854899980828947,-17.028441202627654,34.28064665895513
-0.6879689719461327,-2.5790722497185503,0.8044521879176314,-26.65165429300268,4.445165683474412,30.184307771390586,1.7016208563881041,3.1838098805575537,0.4186598606696311,27.939308228963437,-17.066308060565916,34.33015637593453
-0.6854777384801942,-2.576654676405056,0.8031459278318118,-26.68519477184956,4.427141222536091,30.19438830170301,1.6951103086108776,3.1901603429741643,0.4135215839030716,27.993214324194348,-17.01838675709063,34.31153907134863
-0.6857769906630172,-2.582934798620387,0.7955326807199468,-26.68041242105869,4.4526764160240635,30.184249873441985,1.6931041874199155,3.1808246181810578,0.4259536249644474,27.90838521650005,-17.039788799184723,34.26167472368706
-0.6846581499701886,-2.581139136190569,0.8068842491533872,-26.649477570259023,4.431828252434962,30.184819431662092,1.6906995596400813,3.1849947914262393,0.4133232635293775,27.960557368193953,-16.992099635460832,34.321148834720816
-0.6845568810823163,-2.578554904141459,0.8043472832336569,-26.647449281911406,4.424021200600196,30.19453897057149,1.6952524272225016,3.1847784206996286,0.41872336576143937,27.98922454628851,-17.003342378603538,34.26160477805043
-0.6845722865070882,-2.575914176162821,0.8006395397951664,-26.631065121127612,4.425129256699085,30.189690966791417,1.688647379479383,3.183511336103482,0.42808199493278715,27.909851379544836,-17.00454561186767,34.30160790964604
-0.6846529420295002,-2.5784980860803737,0.8019193961164257,-26.639991675071116,4.4290780656899305,30.179886703024053,1.695231303556659,3.179625076014839,0.4210845585332425,27.91469245623051,-17.04445529795529,34.271197357497236
-0.6869193490546175,-2.5783975084756388,0.8031138342895648,-26.61887293798716,4.446371525457758,30.194281144803593,1.6909211348296482,3.1795672626173763,0.4160014271764795,27.915394561458196,-16.985713509304716,34.24206164714788
-0.6832160344190487,-2.5793779199156845,0.8068190449155759,-26.7014608913026,4.41212761672031,30.199540695939202,1.6973901565406224,3.1809905146327626,0.42605928184875747,27.922803086986065,-17.041087795551963,34.29076929936088
-0.6869131923439777,-2.5822907720190966,0.8006282489074259,-26.67039154494598,4.463056720277661,30.17948454348436,1.6929605888901123,3.178419462030725,0.4258052750249458,27.891853041482914,-17.03903772014332,34.31056942026452
-0.6879191367119165,-2.5855881501115143,0.8054852344052312,-26.69808263632161,4.447612540351404,30.203474848423685,1.695145279304721,3.182314294022402,0.4260244074361589,27.972312010334434,-17.00290707721426,34.31039733130309
-0.6856611774121146,-2.583087106919673,0.8067767847039127,-26.682377421409463,4.4501346164651014,30.19925138513278,1.6974179201252733,3.1861782029040318,0.42360485502496137,27.969715074057703,-17.000017128977095,34.28137817617107
-0.6856898824286628,-2.58040838010293,0.8005438540830144,-26.665384588909365,4.467905419640914,30.194459012140754,1.6974820620802582,3.188628965599232,0.4262768231860758,28.02742027806095,-16.992109955671925,34.26163637397045
-0.6800436704447185,-2.5787196130719634,0.8030209209220995,-26.654111464671466,4.392351858345188,30.195063026655433,1.6909114542302055,3.1846826064993015,0.42345451248691174,27.960310897302815,-17.00992093694243,34.26203439063545
-0.6890073028606524,-2.5849235424658934,0.8043815844276442,-26.722486398044303,4.463551196052974,30.183896867367697,1.695232394038488,3.1770024540224915,0.43606299293774925,27.953826454186412,-16.995740253350895,34.28998722631193
-0.6845437911534833,-2.5863140770240536,0.7991897440509532,-26.722019648021394,4.43212839270811,30.193958276849372,1.6973798087702971,3.1809954913178937,0.4261961810377056,27.978948736176996,-16.991965163513086,34.29035909930626
-0.683408083240255,-2.5765490816255707,0.7954439306811746,-26.633739907632226,4.4264115352904305,30.209173569773803,1.6929159146629627,3.1887766491776763,0.4210631890646389,28.05399330609505,-16.980782706968856,34.32077751812043
-0.6787580885331744,-2.57953307269898,0.8055872395369422,-26.708266562243512,4.380985308077421,30.1854600192848,1.7039552255642902,3.1876000598309733,0.42863943798270077,27.93637917193802,-17.047598366121626,34.30096455276592
-0.6810540860998,-2.580676382796793,0.8017563878202858,-26.701255670868637,4.395137396701735,30.19469298224169,1.6951665067602555,3.1693480001502357,0.4261025749948546,27.892182347353906,-17.003895683033228,34.28945774451234
-0.6856612518567147,-2.583057584939879,0.8018374192590205,-26.702911370355274,4.4474182951045655,30.184420293258917,1.6929264754228743,3.1761196842442807,0.41331312504386913,27.893194580778434,-16.883506041157442,34.30052986818662
-0.683250180823462,-2.5793496574219277,0.8055591944567875,-26.694164132074725,4.4083260746387545,30.19946534572469,1.6951714050772622,3.184864505877574,0.43330304599257147,27.931755683632545,-17.05204234354438,34.320791373661244
-0.6845430646221972,-2.582430398695454,0.8029296958746491,-26.670595198912537,4.431434356299649,30.208942768617458,1.697480677343731,3.186124047937753,0.4333455995137068,27.89940313244661,-17.04140890311089,34.281751698678676
-0.6879169582075928,-2.584266541160789,0.8006263093910042,-26.7178400870098,4.4575108850894045,30.179086683701513,1.693065955125549,3.1835812038825813,0.4208490625510476,27.911854772598474,-16.98208511623481,34.271921030810134
-0.685471740770034,-2.5805868761399604,0.8056079350493498,-26.7163896079692,4.422220206710521,30.194207086345443,1.68875765265201,3.1807877843780874,0.43075026937730115,27.922259886563495,-16.972746788648376,34.26179122058837
-0.6881172563015929,-2.5815423142484817,0.7981674529676595,-26.651972586524245,4.462647286244842,30.174351528617947,1.6908612363440363,3.184806692471926,0.42821991462214204,27.93245778881216,-16.993300554767437,34.29165566323802
-0.6889541439461353,-2.5823303694849034,0.8031044712465278,-26.70656742078758,4.447469471410805,30.193597965466164,1.708630748783644,3.1820901042713614,0.43156179724483057,27.87767118101762,-17.092645837529503,34.19220000274592
-0.6832513378844288,-2.5832812419396323,0.8068559058786422,-26.739393145247323,4.4122067652350925,30.184697838425194,1.7061296997372255,3.188880722879911,0.42137753498422387,27.95846049925339,-17.085075657775658,34.29112173726681
-0.6847328591302492,-2.581054197574174,0.8030937275240952,-26.634369537936223,4.456879073942197,30.184912252530655,1.7039243137940316,3.184995844261664,0.42143220093109135,27.990292828692393,-17.02296103676585,34.29047342605084
-0.6845382872113955,-2.579837254762596,0.8030015060754283,-26.654913867608396,4.431870823702409,30.20422702444417,1.6907913881357504,3.177059000098232,0.4209674508775949,27.939888059807984,-16.9932825905073,34.290587278347346
-0.6810208021231023,-2.578055733519552,0.8016308592946594,-26.663889737061716,4.4067661140908685,30.219308618521964,1.6973433581643003,3.181054461852246,0.4187467894237451,27.979329097141843,-16.99164938593025,34.29046124261972
-0.6879515351416783,-2.584286184850513,0.8044031221656172,-26.7043478917966,4.456895997158767,30.179228317975728,1.7017642740535377,3.188760432987338,0.42379549630181046,27.985215657751674,-17.075118409165263,34.29118005586235
-0.6844707328244988,-2.579921578168029,0.8056267319156905,-26.684056076994878,4.4156217085663805,30.18954791159767,1.7017626009691615,3.1862346968330564,0.41883004316982536,27.97010317695088,-17.042518949877397,34.28115730742552
-0.6843799423737756,-2.5864458042831373,0.8042346298857173,-26.758409286286906,4.435144944634689,30.19414713745096,1.6973564571684,3.1836685452970905,0.42354760700310246,27.953464144838502,-16.99979316119548,34.30078253165345
-0.6823377956250101,-2.5824750665244403,0.8003808526145784,-26.6630862405528,4.397736106013598,30.20898391838909,1.7018052452402672,3.191338853378518,0.418831604734476,27.98806101662124,-17.066979963799387,34.27194330948616
-0.6903495913672647,-2.5814404771674804,0.7956823761438183,-26.658684557648535,4.481025966668335,30.173990228769966,1.6908074192135252,3.179746747385639,0.4257186995447743,27.91492855049721,-16.952388239384423,34.300901279822746
-0.6856204556555842,-2.583104846852928,0.8043598633080833,-26.7105124654271,4.4428884636063675,30.184467828060452,1.6930728604525453,3.1810321602482277,0.4330977102168907,27.86765161944654,-16.966083655028925,34.29135417451273
-0.6846044741886719,-2.582383458917724,0.8016643614263236,-26.656095838316375,4.4398224306484675,30.208979958660066,1.7019046109676097,3.1860761258900476,0.4313421073803779,27.984315075059428,-17.002686125289518,34.251389926432715
-0.6890327799664984,-2.583631606635397,0.8044729951338447,-26.71492765451374,4.439710414413778,30.174020923024422,1.701687105336511,3.1863735418817645,0.41864570720415406,27.942201828184487,-17.04203409151321,34.310849104780885
-0.6868269696432903,-2.5836869680206553,0.8068470630292981,-26.686464391054088,4.457373549649324,30.18932457639061,1.693027843764319,3.1783984923006097,0.42344038854670346,27.92108843468503,-16.974033150787417,34.28090195396102
-0.6776790966302308,-2.581479737884801,0.8054369261355451,-26.69846329774559,4.385556224549665,30.200224487099995,1.6995617479452114,3.182271263175847,0.4214775967104569,28.029127008175205,-16.996813377290742,34.2802759213918
-0.6889504872275871,-2.583697887832589,0.8094932018412915,-26.729499310672207,4.5036183476414156,30.174763110279883,1.6909054413894427,3.176974083150599,0.42591505684146963,27.91259744290303,-16.97771643083706,34.261227868813805
-0.6822682217510055,-2.581276717169426,0.8030947460289176,-26.691662129682463,4.3697791249376134,30.184532026817276,1.7039373405623293,3.184931972668479,0.42391002187122995,27.975601454290807,-17.063952527683192,34.29054617936018
-0.6833533465680743,-2.583148548274914,0.7980396912787577,-26.723698303516294,4.397615484902607,30.184254803293868,1.695250013632404,3.1822539283942435,0.4284505273257958,27.93118722163451,-16.995429805755865,34.281173912227935
-0.6823703911578585,-2.5812115932421182,0.8043271764650611,-26.662945881910897,4.434528749107969,30.18517007831418,1.6952861988305108,3.184778345073391,0.42355803724290053,27.947389910534902,-17.011789297285453,34.26184008148229
-0.6891338167897604,-2.583461700348544,0.7955430284757712,-26.684473943969607,4.473293865390085,30.188623407030384,1.6929977800046858,3.178359247660941,0.4185620519352796,27.934397524363295,-17.014666611292128,34.28087539432759
-0.6810927883596773,-2.5793759701026246,0.804261976776153,-26.672554306727392,4.390675683587357,30.199703760603366,1.6930635779004046,3.1731554052399438,0.4209429451437618,27.84678935015878,-17.031808705029448,34.26107471712209
-0.6890405637277417,-2.580972665456968,0.8019140932170945,-26.684088960603567,4.480661828215738,30.18419062293234,1.699562036296114,3.182292081659295,0.433511826134879,27.916222343369242,-17.078711784186957,34.310413994562616
-0.6800409869823887,-2.577379619924313,0.7980646981180922,-26.659530402491374,4.401779870389184,30.185288969349667,1.6951970445187325,3.179758954233274,0.4282782126997301,27.873053416290155,-17.01978828033709,34.300884095878615
